level,mrch_catg_cd,mrch_catg_nm,merchants,tx,top_share,passes,macro,merchant_pl
mcc,4121.0,TAXICABS/LIMOUSINES,596,3201497.0,0.5225402366455443,True,,
mcc,5818.0,LARGE DIGITAL GOODS MERCHANT,582,2514118.0,0.8428876448917673,False,,
mcc,5262.0,ONLINE MARKETPLACES,102,2045436.0,0.8139360019086396,False,,
mcc,4899.0,"CABLE, SAT, PAY TV/RADIO SVCS",326,1859705.0,0.5129630774773418,True,,
mcc,5815.0,DIGITAL GOODS BOOKSMOVIEMUSIC,4639,1478951.0,0.4602133539245046,True,,
mcc,5816.0,DIGITAL GOODS GAMES,1431,1300527.0,0.4004576606252696,True,,
mcc,5817.0,DIGITAL GOODS APP(EXCL GAMES),1899,951459.0,0.7699974460276271,False,,
mcc,5814.0,FAST FOOD RESTAURANTS,666,898384.0,0.467723156244991,True,,
mcc,4111.0,LOCAL COMMUTER TRANSPORT,726,824095.0,0.3203489888908439,True,,
mcc,5812.0,EATING PLACES AND RESTAURANTS,2119,718434.0,0.457738637091229,True,,
mcc,7995.0,BETTING/TRACK/CASINO/LOTTO,116,685925.0,0.31304442905565477,True,,
mcc,4814.0,TELECOMMUNICATION SERVICES,609,622530.0,0.2401779833903587,True,,
mcc,5734.0,COMPUTER SOFTWARE STORES,5705,505051.0,0.19688506705263428,True,,
mcc,5399.0,MISC GENERAL MERCHANDISE,1570,476315.0,0.71044371896749,True,,
mcc,4789.0,TRANSPORTATION SVCS - DEFAULT,558,382208.0,0.5987891409912927,True,,
mcc,7311.0,ADVERTISING SERVICES,577,369266.0,0.332600347716822,True,,
mcc,4784.0,TOLLS AND BRIDGE FEES,164,356164.0,0.7195056210060534,True,,
mcc,5931.0,USED MERCHANDISE STORES,81,317351.0,0.9843769201924683,False,,
mcc,5999.0,MISC SPECIALTY RETAIL,1882,304426.0,0.3755395399867291,True,,
mcc,5732.0,ELECTRONICS STORES,1491,271721.0,0.6176556099822981,True,,
mcc,5311.0,DEPARTMENT STORES,421,250889.0,0.5435391746947853,True,,
mcc,4215.0,COURIER SERVICES,602,226942.0,0.3052233610349781,True,,
mcc,5977.0,COSMETIC STORES,2432,204654.0,0.17682527583140326,True,,
mcc,5499.0,MISC FOOD STORES - DEFAULT,1857,202545.0,0.26096916734552816,True,,
mcc,7372.0,COMPUTER PROGRAM/SYS DESIGN,1508,195293.0,0.6453482715714337,True,,
mcc,4722.0,TRAVEL AGENCIES,1601,192904.0,0.4196076805042923,True,,
mcc,7997.0,MEMBER CLUBS/SPORT/REC/GOLF,1403,186913.0,0.1692659151583892,True,,
mcc,5968.0,CONTINUITY/SUBSCRIPTION MERCHT,415,163676.0,0.43840880764437057,True,,
mcc,5691.0,MENS/WOMENS CLOTHING STORES,1904,154730.0,0.4504362437794868,True,,
mcc,5651.0,FAMILY CLOTHING STORES,1451,154094.0,0.2632678754526458,True,,
mcc,4900.0,UTILITIES/ELEC/GAS/H2O/SANI,316,147045.0,0.20122411506681628,True,,
mcc,7011.0,HOTELS/MOTELS/RESORTS,5543,122319.0,0.5422215681946386,True,,
mcc,5942.0,BOOK STORES,996,118689.0,0.4800950382933549,True,,
mcc,4112.0,PASSENGER RAILWAYS,207,116949.0,0.42409939375283245,True,,
mcc,5621.0,WOMENS READY TO WEAR STORES,1026,102230.0,0.5436075515993348,True,,
mcc,3246.0,RYANAIR,1,97435.0,1.0,False,,
mcc,5967.0,INBOUND TELEMARKETING MERCHANT,469,94364.0,0.3444110041965156,True,,
mcc,8398.0,CHARITABLE/SOC SERVICE ORGS,1008,89073.0,0.553624555140166,True,,
mcc,7999.0,RECREATION SERVICES,1126,85555.0,0.19110513704634446,True,,
mcc,7523.0,"PARKING LOTS,METERS,GARAGES",793,83720.0,0.1556497849976111,True,,
mcc,8299.0,SCHOOLS - DEFAULT,3849,80393.0,0.09877725672633189,True,,
mcc,7512.0,AUTOMOBILE RENTAL AGENCY,837,79576.0,0.76588418618679,False,,
mcc,7922.0,THEATRICAL PRODUCERS,1587,71293.0,0.11765530977795857,True,,
mcc,7832.0,MOTION PICTURE THEATRES,430,70093.0,0.38393277502746354,True,,
mcc,4816.0,COMPUTER NETWORK/INFO SVCS,582,69276.0,0.22022056700733297,True,,
mcc,7399.0,BUSINESS SERVICES - DEFAULT,1951,68451.0,0.11503119019444566,True,,
mcc,5541.0,SERVICE STATIONS,111,67485.0,0.8392235311550715,False,,
mcc,5655.0,SPORTS/RIDING APPAREL STORES,569,66650.0,0.4670517629407352,True,,
mcc,4131.0,BUS LINES,366,66037.0,0.375986189560398,True,,
mcc,8699.0,MEMBER ORGANIZATIONS - DEF,603,60281.0,0.46221860951211824,True,,
mcc,7278.0,BUYING/SHOPPING SERVICES,102,59259.0,0.25602862012521305,True,,
mcc,3301.0,WIZZ AIR,6084,55023.0,0.7993021100267161,False,,
mcc,6300.0,INSURANCE SALES/UNDERWRITE,357,53667.0,0.20193042279240503,True,,
mcc,7299.0,MISC PERSONAL SERV - DEF,1692,52478.0,0.15661801135714012,True,,
mcc,9399.0,GOV'T SERV - DEFAULT,738,52138.0,0.2943342667536154,True,,
mcc,8999.0,PROFESSIONAL SERVICES - DEF,1037,51315.0,0.2884536685179772,True,,
mcc,5310.0,DISCOUNT STORES,93,48093.0,0.9628012392655896,False,,
mcc,5411.0,GROCERY STORES/SUPERMARKETS,882,47583.0,0.27148351301935564,True,,
mcc,5552.0,ELECTRIC VEHICLE CHARGING,153,46285.0,0.4328616182348493,True,,
mcc,5699.0,MISC APPAREL/ACCESS STORES,706,46058.0,0.4075730600547136,True,,
mcc,9406.0,GOVT-OWNED LOTTERIES (NON-US),12,45916.0,0.9966024915062288,False,,
mcc,5995.0,PET STORES/FOOD & SUPPLY,837,44807.0,0.5213471109424866,True,,
mcc,7841.0,DVD/VIDEO TAPE RENTAL STORES,11,42505.0,0.991812727914363,False,,
mcc,5661.0,SHOE STORES,548,42361.0,0.361936687047048,True,,
mcc,7333.0,COMMERCIAL PHOTO/ART/GRAPH,247,40017.0,0.7181447884649024,True,,
mcc,5945.0,"HOBBY, TOY & GAME STORES",1259,37218.0,0.12467085818689881,True,,
mcc,5941.0,SPORTING GOODS STORES,1348,34873.0,0.09563272445731655,True,,
mcc,5712.0,FURNITURE/EQUIP STORES,992,33504.0,0.5292502387774594,True,,
mcc,7994.0,VIDEO GAME ARCADES/ESTABLISH,111,33276.0,0.30412309171775453,True,,
mcc,5045.0,COMPUTERS/PERIPHERALS/SOFTWARE,552,33013.0,0.24447944749038258,True,,
mcc,7991.0,TOURIST ATTRACTIONS AND XHBT,927,32030.0,0.286575085857009,True,,
mcc,7273.0,DATING & ESCORT SERVICES,544,31823.0,0.1830122867108695,True,,
mcc,5735.0,RECORD STORES,766,29918.0,0.7685005682198008,False,,
mcc,8099.0,MED/HEALTH SERVICES - DEF,877,29524.0,0.09138328139818452,True,,
mcc,5811.0,CATERERS,449,29253.0,0.32311215943663896,True,,
mcc,5192.0,BOOKS/PERIODICALS/NEWSPAPERS,421,25580.0,0.5403440187646599,True,,
mcc,9311.0,TAX PAYMENTS,149,20951.0,0.42112548327048827,True,,
mcc,5641.0,CHILDREN/INFANTS WEAR STORES,505,18909.0,0.5755989211486594,True,,
mcc,7829.0,FILMS/VIDEO PRODUCTION/DIST,89,18569.0,0.8863159028488341,False,,
mcc,7298.0,HEALTH & BEAUTY SPAS,487,17164.0,0.40841295735259847,True,,
mcc,3182.0,LOT (POLAND),12,17050.0,0.9592961876832845,False,,
mcc,5944.0,JEWELRY STORES,689,16324.0,0.2033815241362411,True,,
mcc,4812.0,TELECOMMUNICATION EQUIPMENT,396,15814.0,0.25395219425825216,True,,
mcc,5331.0,VARIETY STORES,439,15291.0,0.4741351121574783,True,,
mcc,5631.0,WOMENS ACCESS/SPECIALTY,504,13554.0,0.20547439870149034,True,,
mcc,5533.0,AUTOMOTIVE PARTS STORES,901,13200.0,0.12363636363636364,True,,
mcc,7941.0,COMMERCIAL/PRO SPORTS,473,13121.0,0.0993826690038869,True,,
mcc,5511.0,CAR & TRUCK DEALERS/NEW/USED,132,12928.0,0.2607518564356436,True,,
mcc,2741.0,MISC PUBLISHING & PRINTING,356,12412.0,0.4613277473412826,True,,
mcc,5719.0,MISC HOME FURNISHING SPECIALTY,877,11321.0,0.12207402172952919,True,,
mcc,7361.0,EMPLOYMENT/TEMP HELP AGEN,58,10422.0,0.3934945308002303,True,,
mcc,5200.0,HOME SUPPLY WAREHOUSE STORES,804,9788.0,0.2511238250919493,True,,
mcc,8011.0,DOCTORS & PHYSICIANS,175,9613.0,0.7419119941745553,True,,
mcc,8641.0,CIVIC/SOCIAL/FRATERNAL ASSC,440,9102.0,0.38958470665787737,True,,
mcc,3008.0,LUFTHANSA,2,9034.0,0.9998893070622095,False,,
mcc,5947.0,"GIFT, CARD, NOVELTY STORES",558,9024.0,0.13829787234042554,True,,
mcc,7375.0,INFORMATION RETRIEVAL SERVICES,144,8996.0,0.3746109381947532,True,,
mcc,4511.0,"AIRLINES, AIR CARRIERS",340,8428.0,0.08649738965353583,True,,
mcc,7996.0,AMUSEMENT PARKS/CIRCUS,337,8099.0,0.14347450302506481,True,,
mcc,7993.0,VIDEO AMUSEMENT GAME SUPPLY,39,7786.0,0.32596968918571795,True,,
mcc,5611.0,MEN/BOYS CLOTHING/ACC STORES,272,7752.0,0.1475748194014448,True,,
mcc,5722.0,HOUSEHOLD APPLIANCE STORES,445,7344.0,0.30187908496732024,True,,
mcc,7392.0,MGMT/CONSULT/PUBLIC REL SER,926,6779.0,0.09691694940256675,True,,
mcc,7929.0,BANDS/ORCHESTRAS/ENTERTAIN,325,6713.0,0.40637568896171605,True,,
mcc,5912.0,DRUG STORES & PHARMACIES,223,6578.0,0.13043478260869565,True,,
mcc,5948.0,LUGGAGE/LEATHER STORES,195,6520.0,0.40996932515337425,True,,
mcc,5300.0,WHOLESALE CLUBS,56,6520.0,0.29570552147239265,True,,
mcc,5960.0,DIRECT MARKETING INSURANCE SVC,32,5918.0,0.6617100371747212,True,,
mcc,5964.0,CATALOG MERCHANT,176,5868.0,0.46421267893660534,True,,
mcc,8220.0,COLLEGES/UNIV/JC/PROFESSION,387,5443.0,0.21734337681425683,True,,
mcc,8071.0,MEDICAL/DENTAL LABS,55,5275.0,0.5588625592417061,True,,
mcc,5065.0,ELECTRICAL PARTS/EQUIPMENT,345,5205.0,0.09029779058597502,True,,
mcc,5992.0,FLORISTS,365,5040.0,0.14523809523809525,True,,
mcc,5047.0,DENTAL/LAB/MED EQUIPMENT,342,4974.0,0.07498994772818657,True,,
mcc,5733.0,MUSIC STORES/PIANOS,251,4930.0,0.21582150101419878,True,,
mcc,8043.0,OPTICIANS,170,4584.0,0.16972076788830714,True,,
mcc,4214.0,MOTOR FREIGHT CARRIERS,122,4494.0,0.7456608811748998,True,,
mcc,7322.0,COLLECTION AGENCIES,21,4455.0,0.6785634118967452,True,,
mcc,5940.0,BICYCLE SHOPS/SALES/SERVICE,282,4425.0,0.2440677966101695,True,,
mcc,7538.0,AUTO SERVICE SHOPS/NON DEALER,97,4415.0,0.7977349943374858,False,,
mcc,5946.0,CAMERA & PHOTO SUPPLY STORES,139,4346.0,0.5736309249884952,True,,
mcc,3010.0,KLM,1,4345.0,1.0,False,,
mcc,6513.0,REAL EST AGNTS & MGRS RENTALS,780,3967.0,0.14771867910259642,True,,
mcc,5094.0,PRECIOUS STONES/METALS/JEWELRY,227,3879.0,0.26218097447795824,True,,
mcc,5137.0,UNIFORMS & COMMERCIAL CLOTHING,237,3782.0,0.12109994711792703,True,,
mcc,5261.0,"NURSERIES, LAWN/GARDEN SUPPLY",402,3521.0,0.0749786992331724,True,,
mcc,5251.0,HARDWARE STORES,370,3364.0,0.06777645659928656,True,,
mcc,9211.0,COURT COSTS/ALIMONY/SUPPORT,13,3361.0,0.9845284141624516,False,,
mcc,5965.0,COMBINATION CATALOG & RETAIL,134,3117.0,0.3310875842155919,True,,
mcc,8931.0,ACCOUNTANTS/AUDITORS/BOOKPR,115,2968.0,0.4444070080862534,True,,
mcc,5970.0,ARTIST/CRAFT SHOPS,356,2877.0,0.15258950295446647,True,,
mcc,5111.0,STATIONERY/OFFICE SUPPLIES,240,2808.0,0.2264957264957265,True,,
mcc,5943.0,STATIONERY STORES,229,2783.0,0.09737693136902623,True,,
mcc,5969.0,OTHER DIRECT MARKETERS,156,2773.0,0.1983411467724486,True,,
mcc,5039.0,CONSTRUCTION MATERIALS - DEF,256,2724.0,0.2922173274596182,True,,
mcc,5993.0,CIGAR STORES/STANDS,154,2697.0,0.1067853170189099,True,,
mcc,8241.0,CORRESPONDENCE SCHOOLS,75,2677.0,0.6200971236458722,True,,
mcc,3245.0,EASYJET,120,2634.0,0.8880030372057707,False,,
mcc,4411.0,STEAMSHIP/CRUISE LINES,190,2576.0,0.15605590062111802,True,,
mcc,5949.0,FABRIC STORES,200,2475.0,0.15636363636363637,True,,
mcc,5718.0,FIREPLACES & ACCESSORIES,27,2471.0,0.9660056657223796,False,,
mcc,7998.0,AQUARIUMS/SEAQUARIUMS,66,2393.0,0.3919765984120351,True,,
mcc,5072.0,HARDWARE EQUIPMENT/SUPPLIES,238,2377.0,0.40387042490534286,True,,
mcc,5994.0,NEWS DEALERS/NEWSSTANDS,56,2359.0,0.8418821534548537,False,,
mcc,7911.0,DANCE HALLS/STUDIOS/SCHOOLS,155,2201.0,0.20399818264425262,True,,
mcc,5542.0,AUTOMATED FUEL DISPENSERS,50,2165.0,0.8133949191685912,False,,
mcc,7277.0,COUNSELING SERVICE - ALL,119,2112.0,0.5123106060606061,True,,
mcc,5921.0,PKG STORES/BEER/WINE/LIQUOR,361,2105.0,0.10261282660332542,True,,
mcc,5139.0,COMMERCIAL FOOTWEAR,120,2087.0,0.0924772400574988,True,,
mcc,5231.0,GLASS/PAINT/WALLPAPER STORES,97,2003.0,0.6430354468297553,True,,
mcc,3016.0,SAS,2,1908.0,0.9968553459119497,False,,
mcc,7210.0,LAUNDRY/CLEANING/GARMENT SV,56,1905.0,0.573228346456693,True,,
mcc,5021.0,COMMERCIAL FURNITURE,117,1834.0,0.4607415485278081,True,,
mcc,5441.0,CANDY/NUT/CONFECTION STORES,112,1795.0,0.20668523676880224,True,,
mcc,5085.0,INDUSTRIAL SUPPLIES - DEF,126,1749.0,0.357347055460263,True,,
mcc,4225.0,PUBLIC WAREHOUSING,88,1697.0,0.34590453741897464,True,,
mcc,5013.0,MOTOR VEHICLE SUPPLY/NEW PARTS,279,1688.0,0.10841232227488151,True,,
mcc,7339.0,STENOGRAPHIC SERVICES,38,1684.0,0.21080760095011877,True,,
mcc,5571.0,MOTORCYCLE DEALERS,127,1679.0,0.21798689696247767,True,,
mcc,3042.0,FINNAIR,1,1675.0,1.0,False,,
mcc,5211.0,LUMBER/BUILD. SUPPLY STORES,241,1673.0,0.10460251046025104,True,,
mcc,7221.0,PHOTO STUDIOS,290,1655.0,0.24350453172205438,True,,
mcc,7230.0,BEAUTY/BARBER SHOPS,214,1616.0,0.29455445544554454,True,,
mcc,5813.0,BARS/TAVERNS/LOUNGES/DISCOS,129,1540.0,0.474025974025974,True,,
mcc,8351.0,CHILD CARE SERVICES,30,1524.0,0.6069553805774278,True,,
mcc,7032.0,SPORTING/RECREATIONAL CAMPS,182,1512.0,0.1818783068783069,True,,
mcc,3007.0,AIR FRANCE,2,1508.0,0.9025198938992043,False,,
mcc,3211.0,NORWEGIAN AIR SHUTTLE,2,1487.0,0.9979825151311366,False,,
mcc,3034.0,ETIHADAIR,2,1399.0,0.8799142244460328,False,,
mcc,7542.0,CAR WASHES,37,1322.0,0.38502269288956126,True,,
mcc,5971.0,ART DEALERS & GALLERIES,128,1290.0,0.2534883720930233,True,,
mcc,3005.0,BRITISH AIRWAYS,2,1289.0,0.9992242048099301,False,,
mcc,3047.0,TURKISH AIRLINES,3,1289.0,0.9968968192397207,False,,
mcc,7033.0,Trailer parks and campgrounds,230,1245.0,0.2714859437751004,True,,
mcc,5046.0,COMMERCIAL EQUIPMENT - DEFAULT,163,1240.0,0.23548387096774193,True,,
mcc,5169.0,CHEMICALS/ALLIED PRODS - DEF,141,1201.0,0.14904246461282264,True,,
mcc,7379.0,COMPUTER MAINT/SVCS - DEF,184,1141.0,0.06310254163014899,True,,
mcc,3504.0,HILTON,44,1125.0,0.6106666666666667,True,,
mcc,5972.0,STAMP & COIN STORES,70,1101.0,0.30154405086285196,True,,
mcc,5462.0,BAKERIES,116,1080.0,0.1648148148148148,True,,
mcc,7699.0,MISC REPAIR SERVICES,63,1067.0,0.7385192127460168,True,,
mcc,7393.0,DETECTIVE/PROTECTIVE AGEN,34,1055.0,0.7924170616113744,False,,
mcc,3070.0,FLY DUBAI,2,1040.0,0.9971153846153846,False,,
mcc,7519.0,MOTOR HOME/RV RENTALS,66,1033.0,0.40658276863504356,True,,
mcc,5199.0,NON-DURABLE GOODS - DEFAULT,84,1025.0,0.3570731707317073,True,,
mcc,7211.0,LAUNDRIES-FAMILY/COMMERCIAL,35,961.0,0.2809573361082206,True,,
mcc,5976.0,ORTHOPEDIC GOODS,45,959.0,0.3472367049009385,True,,
mcc,3015.0,SWISS INTERNATIONAL AIRLINES,2,953.0,0.5204616998950682,False,,
mcc,7395.0,PHOTOFINISH LABS/DEV,68,952.0,0.226890756302521,True,,
mcc,5193.0,FLORIST SUPPLIES/NURSERY STOCK,86,923.0,0.23835319609967498,True,,
mcc,8249.0,TRADE/VOCATIONAL SCHOOLS,68,910.0,0.7351648351648352,True,,
mcc,8244.0,BUSINESS/SECRETARIAL SCHOOL,93,896.0,0.5122767857142857,True,,
mcc,3236.0,AIR ARABIA AIRLINE,2,881.0,0.9943246311010215,False,,
mcc,3136.0,QATAR AIRWAYS,2,875.0,0.9828571428571429,False,,
mcc,3051.0,AUSTRIAN AIR,1,868.0,1.0,False,,
mcc,5099.0,DURABLE GOODS - DEFAULT,70,860.0,0.2813953488372093,True,,
mcc,7394.0,EQUIP/FURN RENT/LEASE SERV,128,854.0,0.10070257611241218,True,,
mcc,8661.0,RELIGIOUS ORGANIZATIONS,127,803.0,0.36239103362391034,True,,
mcc,3026.0,EMIRATES AIRLINES,2,761.0,0.9960578186596584,False,,
mcc,4011.0,RAILROADS,17,754.0,0.616710875331565,True,,
mcc,5131.0,PIECE GOODS/NOTIONS/DRY GOODS,93,705.0,0.1574468085106383,True,,
mcc,5122.0,DRUGS/DRUGGISTS SUNDRIES,21,670.0,0.7059701492537314,True,,
mcc,5983.0,FUEL DEALERS,62,669.0,0.351270553064275,True,,
mcc,5973.0,RELIGIOUS GOODS STORES,73,645.0,0.3333333333333333,True,,
mcc,3000.0,UNITED,4,638.0,0.9420062695924765,False,,
mcc,3509.0,MARRIOTT,62,631.0,0.25039619651347067,True,,
mcc,3355.0,SIXT CAR RENTAL,3,615.0,0.9658536585365853,False,,
mcc,3001.0,AMERICAN,2,607.0,0.9967051070840197,False,,
mcc,5074.0,PLUMBING/HEATING EQUIPMENT,111,581.0,0.27710843373493976,True,,
mcc,2842.0,SPECIALTY CLEANING/POLISHING,88,559.0,0.17173524150268335,True,,
mcc,742.0,VETERINARY SERVICES,50,508.0,0.515748031496063,True,,
mcc,5044.0,OFFICE/PHOTO EQUIPMENT,55,508.0,0.3346456692913386,True,,
mcc,5714.0,DRAPERY & UPHOLSTERY STORES,78,505.0,0.12871287128712872,True,,
mcc,5713.0,FLOOR COVERING STORES,74,490.0,0.17551020408163265,True,,
mcc,5532.0,AUTOMOTIVE TIRE STORES,32,481.0,0.20582120582120583,True,,
mcc,7338.0,QUICK COPY/REPRO SERVICES,46,477.0,0.3270440251572327,True,,
mcc,4457.0,Boat rentals and leasing,121,470.0,0.10638297872340426,True,,
mcc,5451.0,DAIRY PRODUCT STORES,22,456.0,0.7171052631578947,True,,
mcc,3058.0,DELTA,1,442.0,1.0,False,,
mcc,3381.0,EUROP CAR,8,435.0,0.43448275862068964,True,,
mcc,5950.0,GLASSWARE/CRYSTAL STORES,64,429.0,0.16783216783216784,True,,
mcc,8111.0,LEGAL SERVICES ATTORNEYS,119,428.0,0.14018691588785046,True,,
mcc,7297.0,MASSAGE PARLORS,71,416.0,0.46634615384615385,True,,
mcc,2791.0,TYPESETTING/PLATE MAKING ETC,16,412.0,0.8155339805825242,False,,
mcc,8211.0,ELEMENTARY/SECONDARY SCHOOLS,78,404.0,0.2202970297029703,True,,
mcc,5198.0,"PAINT, VARNISHES & SUPPLIES",68,402.0,0.17164179104477612,True,,
mcc,3351.0,AFFILIATED AUTO RENTAL,11,400.0,0.915,False,,
mcc,7349.0,CLEAN/MAINT/JANITORIAL SERV,38,390.0,0.6743589743589744,True,,
mcc,3035.0,TAP AIR,2,388.0,0.8118556701030928,False,,
mcc,3642.0,NOVOTEL,3,387.0,0.9948320413436692,False,,
mcc,3102.0,IBERIA,3,377.0,0.8328912466843501,False,,
mcc,9405.0,INTRA-GOVERNMENT PURCHASES,62,377.0,0.3925729442970822,True,,
mcc,3294.0,ETHIOPIAN,2,373.0,0.5281501340482574,False,,
mcc,3533.0,HOTEL IBIS,9,363.0,0.7988980716253443,False,,
mcc,1711.0,"HEATING, PLUMBING, AIR COND",58,358.0,0.2206703910614525,True,,
mcc,5996.0,SWIMMING POOLS/SALES/SERV,49,352.0,0.3806818181818182,True,,
mcc,3649.0,RADISSON HOTEL,14,351.0,0.5413105413105413,True,,
mcc,7296.0,CLOTHING/RENT/COSTUME/UNIFO,22,345.0,0.7159420289855073,True,,
mcc,1799.0,SPEC CONTRACTORS - DEFAULT,40,332.0,0.3825301204819277,True,,
mcc,5422.0,FREEZER/MEAT LOCKERS,53,332.0,0.14759036144578314,True,,
mcc,3029.0,SN BRUSSELS AIRLINES,3,331.0,0.4984894259818731,True,,
mcc,3357.0,HERTZ RENT-A-CAR,4,314.0,0.9777070063694268,False,,
mcc,3389.0,AVIS RENT-A-CAR,6,314.0,0.9490445859872612,False,,
mcc,5309.0,DUTY FREE STORES,28,303.0,0.3696369636963696,True,,
mcc,4468.0,"MARINAS, SERVICE & SUPPLY",46,302.0,0.2980132450331126,True,,
mcc,7622.0,RADIO/TV/STEREO REPAIR SHOP,16,299.0,0.4013377926421405,True,,
mcc,9402.0,POSTAGE STAMPS,29,282.0,0.1879432624113475,True,,
mcc,8911.0,ARCHITECTURAL/ENG/SURVEY,39,280.0,0.1392857142857143,True,,
mcc,3811.0,PREMIER TRAVEL INNS,1,270.0,1.0,False,,
mcc,8651.0,POLITICAL ORGANIZATIONS,13,264.0,0.6022727272727273,True,,
mcc,5599.0,MISC AUTO DEALERS - DEFAULT,59,264.0,0.12121212121212122,True,,
mcc,4582.0,AIRPORTS/FIELDS/TERMINALS,24,259.0,0.3667953667953668,True,,
mcc,4821.0,TELEGRAPH SERVICES,7,251.0,0.9123505976095617,False,,
mcc,8021.0,DENTISTS/ORTHODONTISTS,49,235.0,0.3148936170212766,True,,
mcc,9222.0,FINES,53,231.0,0.15584415584415584,True,,
mcc,8734.0,TESTING LABS (NON-MEDICAL),17,230.0,0.8608695652173913,False,,
mcc,7216.0,DRY CLEANERS,9,224.0,0.8125,False,,
mcc,3579.0,HOTEL MERCURE,5,224.0,0.7991071428571429,False,,
mcc,5932.0,ANTIQUE SHOPS,28,221.0,0.7963800904977375,False,,
mcc,5698.0,WIG AND TOUPEE STORES,27,206.0,0.441747572815534,True,,
mcc,5997.0,ELEC RAZOR STORES/SALE/SERV,17,198.0,0.30808080808080807,True,,
mcc,3174.0,JETBLUE AIRWAYS,2,195.0,0.9794871794871794,False,,
mcc,3079.0,JETSTAR AIRWAYS,1,194.0,1.0,False,,
mcc,3692.0,DOUBLETREE HOTEL,3,182.0,0.8461538461538461,False,,
mcc,5521.0,CAR & TRUCK DEALERS/USED ONLY,18,181.0,0.35359116022099446,True,,
mcc,8062.0,HOSPITALS,51,180.0,0.16666666666666666,True,,
mcc,3501.0,HOLIDAY INN,24,160.0,0.74375,True,,
mcc,3690.0,COURTYARD BY MARRIOTT,5,157.0,0.9044585987261147,False,,
mcc,5697.0,TAILOR/SEAMSTRESS/ALTERS,34,155.0,0.44516129032258067,True,,
mcc,3256.0,ALASKA AIR,1,152.0,1.0,False,,
mcc,3405.0,ENTERPRISE RENT-A-CAR,2,150.0,0.9933333333333333,False,,
mcc,3009.0,AIR CANADA,1,148.0,1.0,False,,
mcc,1520.0,GEN CONTRACTORS RESIDENTL/COML,31,145.0,0.2413793103448276,True,,
mcc,5051.0,METAL SERVICE CENTERS,29,140.0,0.4642857142857143,True,,
mcc,7531.0,AUTO BODY REPAIR SHOPS,21,135.0,0.28888888888888886,True,,
mcc,3503.0,SHERATON,5,135.0,0.9037037037037037,False,,
mcc,780.0,LANDSCAPE/HORTICULTURAL SER,19,126.0,0.40476190476190477,True,,
mcc,3072.0,CEBU PACIFIC AIRLINES,1,125.0,1.0,False,,
mcc,3261.0,AIR CHINA,2,123.0,0.7886178861788617,False,,
mcc,5962.0,DIRECT MKTG-TRAVEL RELATED ARR,15,119.0,0.42016806722689076,True,,
mcc,3039.0,AVIANCA,3,117.0,0.7863247863247863,False,,
mcc,7641.0,FURNITURE REUPHOLSTERY/REPAIR,9,110.0,0.7818181818181819,False,,
mcc,3196.0,HAWAIIANAIR,1,104.0,1.0,False,,
mcc,3548.0,HOTELES MELIA,15,101.0,0.297029702970297,True,,
mcc,7933.0,BOWLING ALLEYS,10,99.0,0.42424242424242425,True,,
mcc,3665.0,HAMPTON INN,2,99.0,0.797979797979798,False,,
mcc,7012.0,TIMESHARES,31,88.0,0.18181818181818182,True,,
mcc,3583.0,RADISSON BLU,3,85.0,0.4470588235294118,True,,
mcc,3780.0,DISNEY RESORTS,2,85.0,0.9882352941176471,False,,
mcc,3615.0,TRAVELODGE,1,82.0,1.0,False,,
mcc,3655.0,SCANDIC HOTELS,6,78.0,0.8974358974358975,False,,
mcc,3672.0,CAMPANILE,4,77.0,0.7662337662337663,False,,
mcc,5561.0,CAMPER TRAILER DEALER,19,73.0,0.3698630136986301,True,,
mcc,8042.0,OPTOMETRISTS/OPHTHALMOLOGISTS,11,73.0,0.3287671232876712,True,,
mcc,7276.0,TAX PREPARATION SERVICE,18,72.0,0.3055555555555556,True,,
mcc,3066.0,SOUTHWEST,3,71.0,0.7183098591549296,True,,
mcc,7321.0,CONSUMER CR REPORTING AGEN,10,67.0,0.43283582089552236,True,,
mcc,3183.0,OMAN AVIATION SERVICES,1,66.0,1.0,False,,
mcc,3032.0,EL AL,3,64.0,0.65625,True,,
mcc,8675.0,AUTO ASSOCIATIONS,12,62.0,0.7258064516129032,True,,
mcc,763.0,AGRICULTURAL CO-OPERATIVE,25,62.0,0.3387096774193548,True,,
mcc,7629.0,SMALL APPLIANCE REPAIR DEF,7,62.0,0.7580645161290323,False,,
mcc,3512.0,INTER-CONTINENTAL,11,61.0,0.3770491803278688,True,,
mcc,3012.0,QANTAS,1,60.0,1.0,False,,
mcc,3502.0,BEST WESTERN,7,60.0,0.8166666666666667,False,,
mcc,3020.0,AIR-INDIA,4,60.0,0.38333333333333336,True,,
mcc,3132.0,FRONTIER AIRLINES,1,58.0,1.0,False,,
mcc,5172.0,PETROLEUM/PETROLEUM PRODUCTS,10,57.0,0.5087719298245614,True,,
mcc,3075.0,SINGAPORE AIR,6,56.0,0.6964285714285714,True,,
mcc,3299.0,WIDEROE'S FLYVESELSKAP,1,56.0,1.0,False,,
mcc,1731.0,ELECTRICAL CONTRACTORS,16,54.0,0.2222222222222222,True,,
mcc,3077.0,THAI AIRWAYS,3,52.0,0.5961538461538461,True,,
mcc,3030.0,AERO ARGENT,2,52.0,0.5961538461538461,False,,
mcc,3022.0,PAL AIR,1,51.0,1.0,False,,
mcc,7342.0,EXTERMINATING/DISINFECT SERV,6,50.0,0.6,True,,
mcc,7992.0,PUBLIC GOLF COURSES,16,49.0,0.1836734693877551,True,,
mcc,3260.0,SPIRIT AIRLINES,1,47.0,1.0,False,,
mcc,3013.0,ITA AIRWAYS,1,47.0,1.0,False,,
mcc,3640.0,HYATT,11,46.0,0.5869565217391305,True,,
mcc,3043.0,AER LINGUS,3,46.0,0.5869565217391305,True,,
mcc,7217.0,CARPET/UPHOLSTERY CLEANING,3,44.0,0.5227272727272727,True,,
mcc,3161.0,ALL NIPPON,2,43.0,0.6046511627906976,False,,
mcc,5998.0,TENT AND AWNING SHOPS,12,42.0,0.23809523809523808,True,,
mcc,3014.0,SAUDIA AIR,2,41.0,0.5853658536585366,False,,
mcc,3099.0,CATHAYPACAIR,2,39.0,0.8974358974358975,False,,
mcc,3598.0,REGENT INTERNATIONAL HOTELS,1,38.0,1.0,False,,
mcc,7631.0,WATCH/CLOCK/JEWELRY REPAIR,8,37.0,0.7297297297297297,True,,
mcc,5933.0,PAWN SHOPS,5,37.0,0.5945945945945946,True,,
mcc,3641.0,SOFITEL HOTELS,3,33.0,0.9393939393939394,False,,
mcc,3076.0,AEROMEXICO,2,33.0,0.9696969696969697,False,,
mcc,7535.0,AUTO PAINT SHOPS,6,33.0,0.8484848484848485,False,,
mcc,5963.0,DIRECT SELL/DOOR-TO-DOOR,14,33.0,0.24242424242424243,True,,
mcc,3100.0,MALAY AIR,1,32.0,1.0,False,,
mcc,3082.0,KOREAN AIR,1,32.0,1.0,False,,
mcc,3628.0,EXCALIBUR HOTEL AND CASINO,2,32.0,0.5625,False,,
mcc,3295.0,KENYAAIR,1,31.0,1.0,False,,
mcc,1740.0,MASONRY/TILE/PLASTER/INSUL,14,30.0,0.23333333333333334,True,,
mcc,5551.0,BOAT DEALERS,14,30.0,0.4,True,,
mcc,7251.0,SHOE REPAIR/SHINE/HAT CLEAN,6,30.0,0.5,True,,
mcc,3037.0,EGYPTAIR,1,29.0,1.0,False,,
mcc,3025.0,AIR NZ,2,28.0,0.9285714285714286,False,,
mcc,8050.0,NURSING/PERSONAL CARE FAC,7,27.0,0.5185185185185185,True,,
mcc,7932.0,BILLIARD/POOL ESTABLISHMENT,5,27.0,0.7037037037037037,True,,
mcc,3750.0,CROWNE PLAZA HOTELS,3,26.0,0.8076923076923077,False,,
mcc,5975.0,HEARING AID/SALES/SERVICE,7,26.0,0.6923076923076923,True,,
mcc,3068.0,AIR ASTANA,3,26.0,0.8846153846153846,False,,
mcc,3180.0,WESTJET AIRLINES,2,26.0,0.9230769230769231,False,,
mcc,3298.0,AIR MAURITIUS,2,26.0,0.9615384615384616,False,,
mcc,3387.0,ALAMO RENT-A-CAR,1,25.0,1.0,False,,
mcc,3812.0,HYATT PLACE,4,25.0,0.64,True,,
mcc,3006.0,JAL,2,24.0,0.6666666666666666,False,,
mcc,3050.0,ICELANDAIR,1,24.0,1.0,False,,
mcc,3703.0,RESIDENCE INN,3,24.0,0.875,False,,
mcc,3513.0,WESTIN,4,24.0,0.4166666666666667,True,,
mcc,3219.0,COPA,4,24.0,0.875,False,,
mcc,3516.0,LA QUINTA INN AND SUITES,2,24.0,0.9583333333333334,False,,
mcc,3604.0,HILTON GARDEN INN,2,23.0,0.9565217391304348,False,,
mcc,4119.0,AMBULANCE SERVICE,1,23.0,1.0,False,,
mcc,3266.0,AIR SEYCH,12,23.0,0.4782608695652174,True,,
mcc,3366.0,BUDGET RENT-A-CAR,1,22.0,1.0,False,,
mcc,3168.0,HAINAN AIRLINES,1,22.0,1.0,False,,
mcc,3722.0,WYNDHAM,5,21.0,0.7619047619047619,False,,
mcc,7534.0,TIRE RETREAD/REPAIR SHOPS,4,21.0,0.7619047619047619,False,,
mcc,7261.0,FUNERAL SERVICE/CREMATORIES,11,21.0,0.38095238095238093,True,,
mcc,3084.0,EVA AIRWAYS,1,21.0,1.0,False,,
mcc,1750.0,CARPENTRY,8,20.0,0.3,True,,
mcc,3206.0,CHINA EASTERN AIRLINES,5,20.0,0.35,True,,
mcc,7513.0,TRUCK/UTILITY TRAILER RENTALS,8,20.0,0.45,True,,
mcc,3510.0,DAYS INN,1,20.0,1.0,False,,
mcc,3715.0,FAIRFIELD INN,2,19.0,0.9473684210526315,False,,
mcc,3508.0,QUALITY INN,1,19.0,1.0,False,,
mcc,3562.0,COMFORT INN,1,19.0,1.0,False,,
mcc,3709.0,SUPER 8 MOTEL,1,18.0,1.0,False,,
mcc,3829.0,COUNTRY INN BY CARLSON,1,18.0,1.0,False,,
mcc,3770.0,SPRINGHILL SUITES,1,17.0,1.0,False,,
mcc,3048.0,AIR MAROC,2,17.0,0.9411764705882353,False,,
mcc,3127.0,TACA INTL,2,17.0,0.8235294117647058,False,,
mcc,3364.0,AGENCY RENT-A-CAR,4,17.0,0.5882352941176471,True,,
mcc,5978.0,TYPEWRITER/SALES/SERVICE,1,17.0,1.0,False,,
mcc,3103.0,GARUDA AIR,1,16.0,1.0,False,,
mcc,3308.0,CHINA SOUTHERN,2,16.0,0.625,False,,
mcc,3830.0,PARK PLAZA HOTEL,7,16.0,0.3125,True,,
mcc,7549.0,TOWING SERVICES,8,16.0,0.25,True,,
mcc,3098.0,ASIANA AIRLINES,1,16.0,1.0,False,,
mcc,3553.0,PARK INNS INTERNATIONAL,2,16.0,0.9375,False,,
mcc,3773.0,VENETIAN RESORT HOTEL CASINO,1,15.0,1.0,False,,
mcc,5966.0,OUTBOUND TELEMARKETING MERCHNT,4,15.0,0.5333333333333333,True,,
mcc,3017.0,SAA,2,15.0,0.5333333333333333,False,,
mcc,1761.0,ROOFING/SIDING/SHEET METAL,6,15.0,0.4666666666666667,True,,
mcc,3667.0,LUXOR HOTEL AND CASINO,1,15.0,1.0,False,,
mcc,3765.0,BELLAGIO,1,14.0,1.0,False,,
mcc,3643.0,STEIGENBERGER,2,14.0,0.5,False,,
mcc,8041.0,CHIROPRACTORS,7,13.0,0.38461538461538464,True,,
mcc,3078.0,CHINA AIRLINES,2,13.0,0.5384615384615384,False,,
mcc,3777.0,MANDALAY BAY RESORT,2,12.0,0.8333333333333334,False,,
mcc,7623.0,AIR COND/REFRIG REPAIR SHOP,2,12.0,0.9166666666666666,False,,
mcc,3637.0,RAMADA INN,1,12.0,1.0,False,,
mcc,3710.0,THE RITZ-CARLTON,3,12.0,0.5,True,,
mcc,3590.0,FAIRMONT HOTEL,3,12.0,0.8333333333333334,False,,
mcc,3395.0,THRIFTY CAR RENTAL,4,12.0,0.75,True,,
mcc,3144.0,VIRGIN ATLANTIC,6,12.0,0.5833333333333334,True,,
mcc,3700.0,MOTEL 6,1,12.0,1.0,False,,
mcc,3052.0,LAN AIR,2,12.0,0.8333333333333334,False,,
mcc,3146.0,LUXAIR,1,11.0,1.0,False,,
mcc,3807.0,ELEMENT,1,11.0,1.0,False,,
mcc,3393.0,NATIONAL CAR RENTAL,2,11.0,0.9090909090909091,False,,
mcc,3631.0,SLEEP INN,1,11.0,1.0,False,,
mcc,3771.0,CAESAR'S HOTEL AND CASINO,2,11.0,0.7272727272727273,False,,
mcc,3515.0,RODEWAY INN,1,11.0,1.0,False,,
mcc,3021.0,AIR ALGERIE,1,10.0,1.0,False,,
mcc,3044.0,AIR LANKA,1,10.0,1.0,False,,
mcc,3662.0,CIRCUS CIRCUS HOTEL AND CASINO,1,10.0,1.0,False,,
mcc,3390.0,DOLLAR RENT-A-CAR,2,9.0,0.7777777777777778,False,,
mcc,3028.0,AIR MALTA,2,9.0,0.5555555555555556,False,,
mcc,5271.0,MOBILE HOME DEALERS,6,8.0,0.25,True,,
mcc,5681.0,FURRIERS AND FUR SHOPS,7,8.0,0.25,True,,
mcc,1771.0,CONTRACTORS - CONCRETE,3,8.0,0.625,True,,
mcc,3740.0,TOWNEPLACE SUITES,2,8.0,0.875,False,,
mcc,3506.0,GOLDEN TULIP,4,8.0,0.5,True,,
mcc,3778.0,FOUR POINTS HOTELS,1,8.0,1.0,False,,
mcc,5937.0,ANTIQUE REPRODUCTION STORES,2,7.0,0.8571428571428571,False,,
mcc,3834.0,BAYMONT INN & SUITES,2,7.0,0.5714285714285714,False,,
mcc,5592.0,MOTOR HOME DEALERS,5,7.0,0.42857142857142855,True,,
mcc,3751.0,HOMEWOOD SUITES,2,7.0,0.8571428571428571,False,,
mcc,3591.0,SONESTA HOTEL,2,7.0,0.5714285714285714,False,,
mcc,3240.0,BAHAMASAIR,2,7.0,0.5714285714285714,False,,
mcc,3816.0,HOME2 SUITES,2,6.0,0.6666666666666666,False,,
mcc,3545.0,SHANGRI-LA INTERNATIONAL,2,6.0,0.8333333333333334,False,,
mcc,3112.0,WINDWARD IS,1,6.0,1.0,False,,
mcc,3638.0,HOWARD JOHNSON,3,6.0,0.5,True,,
mcc,3654.0,LOEWS HOTEL,1,6.0,1.0,False,,
mcc,3247.0,GOL AIRLINES,1,6.0,1.0,False,,
mcc,3769.0,STRATOSPHERE HOTEL AND CASINO,1,6.0,1.0,False,,
mcc,3543.0,FOUR SEASONS,3,6.0,0.6666666666666666,True,,
mcc,3619.0,ALOFT,1,6.0,1.0,False,,
mcc,3826.0,AUTOGRAPH,6,6.0,0.16666666666666666,True,,
mcc,3530.0,RENAISSANCE HOTELS,1,6.0,1.0,False,,
mcc,3024.0,PAKISTAN,2,5.0,0.6,False,,
mcc,3695.0,EMBASSY SUITES,1,5.0,1.0,False,,
mcc,3175.0,MIDEASTAIR,1,5.0,1.0,False,,
mcc,3535.0,HILTON INTERNATIONAL,5,5.0,0.2,True,,
mcc,3716.0,CARLTON HOTELS,3,4.0,0.5,True,,
mcc,3555.0,TREASURE ISLAND HOTEL & CASINO,1,4.0,1.0,False,,
mcc,3297.0,TAROM ROMANIAN AIR TRANSPORT,1,4.0,1.0,False,,
mcc,3791.0,STAYBRIDGE SUITES,1,4.0,1.0,False,,
mcc,3049.0,TUNIS AIR,1,4.0,1.0,False,,
mcc,9223.0,BAIL AND BOND PAYMENTS,1,4.0,1.0,False,,
mcc,3303.0,TIGERAIR,2,4.0,0.75,False,,
mcc,3795.0,PARIS LAS VEGAS HOTEL,1,4.0,1.0,False,,
mcc,3581.0,DELTA HOTEL,1,4.0,1.0,False,,
mcc,3607.0,FONTAINEBLEAU RESORTS,1,4.0,1.0,False,,
mcc,3040.0,GULF AIR (BAHRAIN),1,3.0,1.0,False,,
mcc,3679.0,SILVER LEGACY HOTEL AND CASINO,1,3.0,1.0,False,,
mcc,3608.0,GAYLORD OPRYLANDS,1,3.0,1.0,False,,
mcc,3234.0,CARIBBEAN AIRLINES,2,3.0,0.6666666666666666,False,,
mcc,3519.0,PULLMAN INTERNATIONAL HOTELS,1,3.0,1.0,False,,
mcc,3660.0,KNIGHTS INN,1,3.0,1.0,False,,
mcc,3577.0,MANDARIN ORIENTAL HOTEL,1,3.0,1.0,False,,
mcc,3774.0,NEW YORK-NEW YORK HOTEL+CASINO,1,3.0,1.0,False,,
mcc,3528.0,THUNDERBIRD/RED LION,2,3.0,0.6666666666666666,False,,
mcc,3592.0,OMNI HOTEL,1,3.0,1.0,False,,
mcc,3596.0,WYNN LAS VEGAS,1,3.0,1.0,False,,
mcc,3832.0,CURIO HOTELS,1,3.0,1.0,False,,
mcc,3730.0,MGM GRAND HOTEL,1,3.0,1.0,False,,
mcc,3597.0,RIVERSIDE RESORT HOTEL&CASINO,1,2.0,1.0,False,,
mcc,3267.0,AIR PANAMA,1,2.0,1.0,False,,
mcc,3559.0,CANDLEWOOD SUITES,2,2.0,0.5,False,,
mcc,3790.0,RAFFLES HOTELS,1,2.0,1.0,False,,
mcc,3745.0,ST. REGIS HOTEL,1,2.0,1.0,False,,
mcc,3833.0,CANOPY HOTELS,1,2.0,1.0,False,,
mcc,3779.0,W HOTELS,1,2.0,1.0,False,,
mcc,3676.0,MONTE CARLO HOTEL AND CASINO,1,2.0,1.0,False,,
mcc,3617.0,AMERICAS BEST VALUE INN,1,2.0,1.0,False,,
mcc,3621.0,EXTENDED STAY,1,2.0,1.0,False,,
mcc,7692.0,WELDING SERVICES,2,2.0,0.5,False,,
mcc,3644.0,ECONOLODGE,2,2.0,0.5,False,,
mcc,3248.0,TAM AIRLINES,1,2.0,1.0,False,,
mcc,3586.0,SOKOS HOTELS,2,2.0,0.5,False,,
mcc,3228.0,CAYMANAIR,1,2.0,1.0,False,,
mcc,3595.0,HOSPITALITY INNS,1,2.0,1.0,False,,
mcc,3687.0,CLARION HOTEL,2,2.0,0.5,False,,
mcc,3038.0,KUWAIT AIR,1,2.0,1.0,False,,
mcc,3741.0,MILLENNIUM HOTELS,1,2.0,1.0,False,,
mcc,3612.0,MOEVENPICK HOTELS,1,2.0,1.0,False,,
mcc,3651.0,IMPERIAL LONDON HOTELS,1,2.0,1.0,False,,
mcc,3614.0,AMERICINN,1,1.0,1.0,False,,
mcc,3304.0,AIRBALTIC,1,1.0,1.0,False,,
mcc,8049.0,PODIATRISTS/CHIROPODISTS,1,1.0,1.0,False,,
mcc,3824.0,ARIA,1,1.0,1.0,False,,
mcc,3137.0,SINGLETON,1,1.0,1.0,False,,
mcc,5598.0,SNOWMOBILE DEALERS,1,1.0,1.0,False,,
mcc,3749.0,THE BEVERLY HILLS HOTEL,1,1.0,1.0,False,,
mcc,3668.0,MARATIM,1,1.0,1.0,False,,
mcc,3398.0,ECONO-CAR RENT-A-CAR,1,1.0,1.0,False,,
mcc,8031.0,OSTEOPATHS,1,1.0,1.0,False,,
mcc,3828.0,COSMOPOLITAN OF LAS VEGAS,1,1.0,1.0,False,,
mcc,3831.0,WALDORF,1,1.0,1.0,False,,
mcc,3634.0,SWISSOTEL,1,1.0,1.0,False,,
mcc,3609.0,GAYLORD PALMS,1,1.0,1.0,False,,
mcc,7800.0,GOVERNMENT OWNED LOTTERIES,1,1.0,1.0,False,,
mcc,3650.0,RED ROOF INN,1,1.0,1.0,False,,
mcc,3526.0,PRINCE HOTEL,1,1.0,1.0,False,,
mcc,7801.0,GOVT LICENSED ONLINE CASINOS,1,1.0,1.0,False,,
mcc,3019.0,EASTERN AIRLINE,1,1.0,1.0,False,,
mcc,3818.0,MAINSTAY SUITES,1,1.0,1.0,False,,
mcc,3561.0,GOLDEN NUGGET,1,1.0,1.0,False,,
mcc,3630.0,TOKYU HOTELS,1,1.0,1.0,False,,
mcc,3785.0,OUTRIGGER HOTELS AND RESORTS,1,1.0,1.0,False,,
mcc,3721.0,HILTON CONRAD,1,1.0,1.0,False,,
mcc,3658.0,NEW OTANI HOTELS,1,1.0,1.0,False,,
mcc,3081.0,XIAMEN AIRLINES,1,1.0,1.0,False,,
macro,,,10210,8329971.0,0.2544247753083414,True,digital_content,
macro,,,596,3201497.0,0.5225402366455443,True,taxi,
macro,,,2766,2851185.0,0.5839270338473301,True,marketplace_general,
macro,,,19103,2494675.0,0.17203483419683926,True,other,
macro,,,1808,1392619.0,0.19995418703895323,True,public_transport,
macro,,,5688,1159868.0,0.18512882500422462,True,entertainment_betting,
macro,,,5674,929779.0,0.16205463879050827,True,bills_telecom_edu,
macro,,,11541,900250.0,0.1864259927797834,True,home_electronics,
macro,,,666,898384.0,0.467723156244991,True,fast_food,
macro,,,2204,719974.0,0.45675954965040405,True,restaurants_bars,
macro,,,7785,647449.0,0.1108071832684891,True,fashion_sport,
macro,,,13944,618719.0,0.15748829436303072,True,travel,
macro,,,2036,529140.0,0.4843009411497902,True,car_fuel,
macro,,,4389,281193.0,0.1286980828114498,True,health_beauty,
macro,,,3094,255896.0,0.20656047769406322,True,grocery,
macro,,,4939,241596.0,0.23585655391645557,True,hobby_books_gifts,
macro_x_pl,,,8650,7743634.0,0.27368945898011193,True,digital_content,False
macro_x_pl,,,725,2066310.0,0.8057280853308555,False,marketplace_general,True
macro_x_pl,,,313,1638446.0,0.4628916668599392,True,taxi,False
macro_x_pl,,,300,1563051.0,0.9187595286398205,False,taxi,True
macro_x_pl,,,13659,1554141.0,0.2761467588848116,True,other,False
macro_x_pl,,,155,1100784.0,0.2529651593773165,True,public_transport,True
macro_x_pl,,,6129,940534.0,0.11399481571107477,True,other,True
macro_x_pl,,,174,861169.0,0.483049204047057,True,fast_food,True
macro_x_pl,,,1849,855781.0,0.18510343183594868,True,entertainment_betting,True
macro_x_pl,,,2084,784875.0,0.4574970536709667,True,marketplace_general,False
macro_x_pl,,,2158,730034.0,0.2063944966946745,True,bills_telecom_edu,True
macro_x_pl,,,1751,586337.0,0.1371907281989709,True,digital_content,True
macro_x_pl,,,7526,514352.0,0.19481794568700034,True,home_electronics,False
macro_x_pl,,,1708,470713.0,0.6986316502837185,True,restaurants_bars,False
macro_x_pl,,,12925,461977.0,0.21092175584498796,True,travel,False
macro_x_pl,,,676,409534.0,0.6257404757602544,True,car_fuel,True
macro_x_pl,,,4296,385898.0,0.4349076699024094,True,home_electronics,True
macro_x_pl,,,3700,378596.0,0.14687688195332227,True,fashion_sport,True
macro_x_pl,,,4049,304087.0,0.7061301535415851,True,entertainment_betting,False
macro_x_pl,,,1676,291835.0,0.3360426268268028,True,public_transport,False
macro_x_pl,,,4343,268853.0,0.26684470695882134,True,fashion_sport,False
macro_x_pl,,,548,249261.0,0.7041574895390775,True,restaurants_bars,True
macro_x_pl,,,1813,210325.0,0.25131582075359565,True,grocery,True
macro_x_pl,,,2575,210216.0,0.17209441717090992,True,health_beauty,True
macro_x_pl,,,3683,199745.0,0.24106736088512853,True,bills_telecom_edu,False
macro_x_pl,,,1443,156742.0,0.388830051932475,True,travel,True
macro_x_pl,,,2991,132936.0,0.42864235421556235,True,hobby_books_gifts,True
macro_x_pl,,,1415,119606.0,0.11019514071200441,True,car_fuel,False
macro_x_pl,,,2062,108660.0,0.21498251426467882,True,hobby_books_gifts,False
macro_x_pl,,,1964,70977.0,0.3735012750609352,True,health_beauty,False
macro_x_pl,,,1368,45571.0,0.3207083452195475,True,grocery,False
macro_x_pl,,,515,37215.0,0.23278248018272202,True,fast_food,False
mcc_all,5411.0,GROCERY STORES/SUPERMARKETS,50861,80443697.0,0.32780625435452077,True,,
mcc_all,5499.0,MISC FOOD STORES - DEFAULT,49312,47044691.0,0.43014298892939906,True,,
mcc_all,5812.0,EATING PLACES AND RESTAURANTS,121509,16911744.0,0.05105990251508064,True,,
mcc_all,5541.0,SERVICE STATIONS,12824,16145093.0,0.3245026213227759,True,,
mcc_all,5814.0,FAST FOOD RESTAURANTS,56132,13327880.0,0.3134635816048764,True,,
mcc_all,5977.0,COSMETIC STORES,9484,9094362.0,0.776579599536504,False,,
mcc_all,5912.0,DRUG STORES & PHARMACIES,15995,8798405.0,0.6434488978400063,True,,
mcc_all,5462.0,BAKERIES,17399,8653907.0,0.41326235652867543,True,,
mcc_all,6011.0,FINANCIAL INST/AUTO CASH,17964,5363932.0,0.3028300880771792,True,,
mcc_all,5651.0,FAMILY CLOTHING STORES,15247,4949501.0,0.3130283234612944,True,,
mcc_all,4121.0,TAXICABS/LIMOUSINES,11682,4190219.0,0.4666963707624828,True,,
mcc_all,4111.0,LOCAL COMMUTER TRANSPORT,6235,3766887.0,0.09581917376337544,True,,
mcc_all,5310.0,DISCOUNT STORES,1630,3084107.0,0.4994149035685208,True,,
mcc_all,5818.0,LARGE DIGITAL GOODS MERCHANT,825,2924128.0,0.8448375036934088,False,,
mcc_all,7523.0,"PARKING LOTS,METERS,GARAGES",9310,2838874.0,0.17422752823830856,True,,
mcc_all,5441.0,CANDY/NUT/CONFECTION STORES,9504,2814658.0,0.20608720491086305,True,,
mcc_all,5331.0,VARIETY STORES,8534,2774495.0,0.20527122953906926,True,,
mcc_all,5200.0,HOME SUPPLY WAREHOUSE STORES,5632,2692603.0,0.291431748386227,True,,
mcc_all,7542.0,CAR WASHES,3402,2275988.0,0.6208319200276978,True,,
mcc_all,5262.0,ONLINE MARKETPLACES,197,2247413.0,0.813926946226617,False,,
mcc_all,5691.0,MENS/WOMENS CLOTHING STORES,15262,2189501.0,0.1302438318137329,True,,
mcc_all,5422.0,FREEZER/MEAT LOCKERS,6393,2184896.0,0.17730409136178565,True,,
mcc_all,4899.0,"CABLE, SAT, PAY TV/RADIO SVCS",672,2019544.0,0.5082493869903305,True,,
mcc_all,6012.0,FINANCIAL INST/MERCHANDISE,6555,1978903.0,0.6491227715557559,True,,
mcc_all,5813.0,BARS/TAVERNS/LOUNGES/DISCOS,36069,1909043.0,0.05545501070431624,True,,
mcc_all,5311.0,DEPARTMENT STORES,3945,1776638.0,0.2085163100192611,True,,
mcc_all,5211.0,LUMBER/BUILD. SUPPLY STORES,7236,1713576.0,0.1369912977305938,True,,
mcc_all,5994.0,NEWS DEALERS/NEWSSTANDS,4871,1694527.0,0.20210831695216422,True,,
mcc_all,5921.0,PKG STORES/BEER/WINE/LIQUOR,8109,1627297.0,0.1236006703140238,True,,
mcc_all,5399.0,MISC GENERAL MERCHANDISE,12344,1607836.0,0.2910489627051515,True,,
mcc_all,5815.0,DIGITAL GOODS BOOKSMOVIEMUSIC,6288,1597647.0,0.44834059088146505,True,,
mcc_all,9406.0,GOVT-OWNED LOTTERIES (NON-US),191,1580157.0,0.8210747413073511,False,,
mcc_all,5816.0,DIGITAL GOODS GAMES,1763,1478932.0,0.39499111521016517,True,,
mcc_all,5999.0,MISC SPECIALTY RETAIL,18058,1300689.0,0.11941901561403226,True,,
mcc_all,7230.0,BEAUTY/BARBER SHOPS,22691,1290489.0,0.1452612149348038,True,,
mcc_all,4829.0,WIRE TRANSFER MONEY ORDER,406,1277561.0,0.5344715438245219,True,,
mcc_all,7011.0,HOTELS/MOTELS/RESORTS,32263,1226384.0,0.25039547156518677,True,,
mcc_all,5732.0,ELECTRONICS STORES,5279,1203833.0,0.40554711492374773,True,,
mcc_all,4784.0,TOLLS AND BRIDGE FEES,993,1171080.0,0.22716466851111794,True,,
mcc_all,7995.0,BETTING/TRACK/CASINO/LOTTO,1588,1142135.0,0.1897674092817399,True,,
mcc_all,5817.0,DIGITAL GOODS APP(EXCL GAMES),2547,1061518.0,0.7517658673710668,False,,
mcc_all,5811.0,CATERERS,7478,1047575.0,0.22667875808414673,True,,
mcc_all,7999.0,RECREATION SERVICES,11008,970074.0,0.038083692584277073,True,,
mcc_all,5942.0,BOOK STORES,6115,957334.0,0.5981026475608304,True,,
mcc_all,5993.0,CIGAR STORES/STANDS,9440,880061.0,0.0628092825383695,True,,
mcc_all,5995.0,PET STORES/FOOD & SUPPLY,5593,827239.0,0.18605747553004634,True,,
mcc_all,4814.0,TELECOMMUNICATION SERVICES,1551,819172.0,0.2027229934616906,True,,
mcc_all,5992.0,FLORISTS,7445,797197.0,0.3864653278926037,True,,
mcc_all,5661.0,SHOE STORES,5459,794670.0,0.4388425384121711,True,,
mcc_all,8099.0,MED/HEALTH SERVICES - DEF,9752,782056.0,0.09123003979254682,True,,
mcc_all,4789.0,TRANSPORTATION SVCS - DEFAULT,3195,771749.0,0.30150217233841575,True,,
mcc_all,4112.0,PASSENGER RAILWAYS,1621,715212.0,0.13126877065821044,True,,
mcc_all,7997.0,MEMBER CLUBS/SPORT/REC/GOLF,7866,696734.0,0.15283594599947756,True,,
mcc_all,5941.0,SPORTING GOODS STORES,7711,685538.0,0.4236730859558478,True,,
mcc_all,5712.0,FURNITURE/EQUIP STORES,5271,656299.0,0.39008592120359775,True,,
mcc_all,5261.0,"NURSERIES, LAWN/GARDEN SUPPLY",4665,614215.0,0.09654436964255188,True,,
mcc_all,5734.0,COMPUTER SOFTWARE STORES,8731,611434.0,0.1851009266740155,True,,
mcc_all,4131.0,BUS LINES,1874,595996.0,0.10928093477137431,True,,
mcc_all,4215.0,COURIER SERVICES,1867,564561.0,0.19556434114294116,True,,
mcc_all,5931.0,USED MERCHANDISE STORES,2621,562623.0,0.6272317342163403,True,,
mcc_all,4900.0,UTILITIES/ELEC/GAS/H2O/SANI,2278,468904.0,0.07906309180557214,True,,
mcc_all,5533.0,AUTOMOTIVE PARTS STORES,6176,460044.0,0.14034092391162584,True,,
mcc_all,5947.0,"GIFT, CARD, NOVELTY STORES",16368,459723.0,0.03214979455019653,True,,
mcc_all,5621.0,WOMENS READY TO WEAR STORES,5777,439276.0,0.13780629945637823,True,,
mcc_all,7311.0,ADVERTISING SERVICES,2416,434785.0,0.3212668330324183,True,,
mcc_all,5542.0,AUTOMATED FUEL DISPENSERS,4596,430029.0,0.18077850563566644,True,,
mcc_all,5641.0,CHILDREN/INFANTS WEAR STORES,2321,422107.0,0.7979137991078091,False,,
mcc_all,9399.0,GOV'T SERV - DEFAULT,5066,406697.0,0.09403069115336479,True,,
mcc_all,7832.0,MOTION PICTURE THEATRES,2571,401790.0,0.31237711242191196,True,,
mcc_all,5300.0,WHOLESALE CLUBS,1772,401247.0,0.40723793573534506,True,,
mcc_all,8021.0,DENTISTS/ORTHODONTISTS,6877,392047.0,0.07678416108272733,True,,
mcc_all,4722.0,TRAVEL AGENCIES,5272,362294.0,0.3123402540478175,True,,
mcc_all,7996.0,AMUSEMENT PARKS/CIRCUS,3745,353583.0,0.05601513647432144,True,,
mcc_all,5309.0,DUTY FREE STORES,824,335727.0,0.26377681866516545,True,,
mcc_all,742.0,VETERINARY SERVICES,3544,331688.0,0.2685354911844866,True,,
mcc_all,5944.0,JEWELRY STORES,6661,300729.0,0.07725560221993888,True,,
mcc_all,7991.0,TOURIST ATTRACTIONS AND XHBT,6382,288809.0,0.15373482128327026,True,,
mcc_all,5451.0,DAIRY PRODUCT STORES,3517,288265.0,0.47078556189617193,True,,
mcc_all,5945.0,"HOBBY, TOY & GAME STORES",6363,284937.0,0.07332147106202423,True,,
mcc_all,9311.0,TAX PAYMENTS,1080,262504.0,0.31264285496601957,True,,
mcc_all,5655.0,SPORTS/RIDING APPAREL STORES,2771,258817.0,0.2685063191366873,True,,
mcc_all,8011.0,DOCTORS & PHYSICIANS,6333,255098.0,0.08627272655998872,True,,
mcc_all,7372.0,COMPUTER PROGRAM/SYS DESIGN,2391,250752.0,0.5744281202143952,True,,
mcc_all,5719.0,MISC HOME FURNISHING SPECIALTY,4457,249149.0,0.24507021902556303,True,,
mcc_all,7538.0,AUTO SERVICE SHOPS/NON DEALER,7782,238023.0,0.11130016847111414,True,,
mcc_all,6300.0,INSURANCE SALES/UNDERWRITE,2767,238010.0,0.15177513549850846,True,,
mcc_all,5943.0,STATIONERY STORES,3035,230682.0,0.08019264615357939,True,,
mcc_all,5699.0,MISC APPAREL/ACCESS STORES,5305,228369.0,0.27382438071717263,True,,
mcc_all,7399.0,BUSINESS SERVICES - DEFAULT,8460,226092.0,0.050510411690816125,True,,
mcc_all,5631.0,WOMENS ACCESS/SPECIALTY,3806,224872.0,0.1867417908854815,True,,
mcc_all,7299.0,MISC PERSONAL SERV - DEF,8536,218731.0,0.07985150710233117,True,,
mcc_all,7298.0,HEALTH & BEAUTY SPAS,7088,216028.0,0.07396726350287926,True,,
mcc_all,5968.0,CONTINUITY/SUBSCRIPTION MERCHT,662,204162.0,0.36018455932053955,True,,
mcc_all,7032.0,SPORTING/RECREATIONAL CAMPS,1982,202149.0,0.08000039574769106,True,,
mcc_all,3246.0,RYANAIR,2,195036.0,0.9999948727414426,False,,
mcc_all,8999.0,PROFESSIONAL SERVICES - DEF,6007,194521.0,0.10425095490975267,True,,
mcc_all,7922.0,THEATRICAL PRODUCERS,5383,185198.0,0.04919599563710191,True,,
mcc_all,4812.0,TELECOMMUNICATION EQUIPMENT,4132,182200.0,0.03633918770581778,True,,
mcc_all,5251.0,HARDWARE STORES,5055,180894.0,0.05805609915198956,True,,
mcc_all,6051.0,NON-FIN INST/FC/MO/TC,856,176481.0,0.07473325740447981,True,,
mcc_all,8398.0,CHARITABLE/SOC SERVICE ORGS,3305,175458.0,0.2906564533962544,True,,
mcc_all,5511.0,CAR & TRUCK DEALERS/NEW/USED,4353,161020.0,0.1467084834182089,True,,
mcc_all,8043.0,OPTICIANS,2777,157049.0,0.17792536087463148,True,,
mcc_all,5722.0,HOUSEHOLD APPLIANCE STORES,3702,154443.0,0.10383118691038118,True,,
mcc_all,8299.0,SCHOOLS - DEFAULT,7500,141054.0,0.062444170317750645,True,,
mcc_all,7512.0,AUTOMOBILE RENTAL AGENCY,3506,136977.0,0.45835432225848133,True,,
mcc_all,7941.0,COMMERCIAL/PRO SPORTS,3920,133654.0,0.08052134616247923,True,,
mcc_all,5983.0,FUEL DEALERS,1717,124516.0,0.28418837739728225,True,,
mcc_all,5967.0,INBOUND TELEMARKETING MERCHANT,603,117848.0,0.34303509605593646,True,,
mcc_all,5039.0,CONSTRUCTION MATERIALS - DEF,2485,109290.0,0.060289138988013545,True,,
mcc_all,7994.0,VIDEO GAME ARCADES/ESTABLISH,1027,101046.0,0.10931654889852147,True,,
mcc_all,8062.0,HOSPITALS,2472,99099.0,0.15408833590651771,True,,
mcc_all,5611.0,MEN/BOYS CLOTHING/ACC STORES,2408,98470.0,0.1480044683659998,True,,
mcc_all,4816.0,COMPUTER NETWORK/INFO SVCS,1045,94574.0,0.2292807748429801,True,,
mcc_all,8699.0,MEMBER ORGANIZATIONS - DEF,2610,91828.0,0.3130526636755674,True,,
mcc_all,5948.0,LUGGAGE/LEATHER STORES,2364,87551.0,0.4298523146508892,True,,
mcc_all,5065.0,ELECTRICAL PARTS/EQUIPMENT,1640,86933.0,0.053144375553587246,True,,
mcc_all,5231.0,GLASS/PAINT/WALLPAPER STORES,1447,84293.0,0.14562300546901877,True,,
mcc_all,5552.0,ELECTRIC VEHICLE CHARGING,623,83919.0,0.3041623470251075,True,,
mcc_all,3301.0,WIZZ AIR,10050,82568.0,0.7509931208216258,False,,
mcc_all,5111.0,STATIONERY/OFFICE SUPPLIES,1320,78096.0,0.07991446424912928,True,,
mcc_all,5047.0,DENTAL/LAB/MED EQUIPMENT,1648,76125.0,0.2130311986863711,True,,
mcc_all,7221.0,PHOTO STUDIOS,1672,75605.0,0.20207658223662456,True,,
mcc_all,7278.0,BUYING/SHOPPING SERVICES,303,71724.0,0.23739612960794154,True,,
mcc_all,5122.0,DRUGS/DRUGGISTS SUNDRIES,630,70235.0,0.6479105858902257,True,,
mcc_all,5192.0,BOOKS/PERIODICALS/NEWSPAPERS,1592,69010.0,0.2035212288074192,True,,
mcc_all,5045.0,COMPUTERS/PERIPHERALS/SOFTWARE,1912,66821.0,0.1317400218494186,True,,
mcc_all,5949.0,FABRIC STORES,1963,65678.0,0.24428271262827736,True,,
mcc_all,5193.0,FLORIST SUPPLIES/NURSERY STOCK,1582,62733.0,0.06526070808027673,True,,
mcc_all,5940.0,BICYCLE SHOPS/SALES/SERVICE,2376,62169.0,0.0796538467725072,True,,
mcc_all,5963.0,DIRECT SELL/DOOR-TO-DOOR,742,59677.0,0.09687149152939993,True,,
mcc_all,7211.0,LAUNDRIES-FAMILY/COMMERCIAL,791,56394.0,0.21764726743979856,True,,
mcc_all,4225.0,PUBLIC WAREHOUSING,889,55850.0,0.1666069829901522,True,,
mcc_all,2741.0,MISC PUBLISHING & PRINTING,1379,54309.0,0.1296838461396822,True,,
mcc_all,5735.0,RECORD STORES,1313,53598.0,0.4452031792231053,True,,
mcc_all,5169.0,CHEMICALS/ALLIED PRODS - DEF,834,53233.0,0.1541900700693179,True,,
mcc_all,7333.0,COMMERCIAL PHOTO/ART/GRAPH,730,52265.0,0.5820721324021811,True,,
mcc_all,7338.0,QUICK COPY/REPRO SERVICES,839,49787.0,0.049832285536385,True,,
mcc_all,5072.0,HARDWARE EQUIPMENT/SUPPLIES,1734,49615.0,0.0453693439484027,True,,
mcc_all,5074.0,PLUMBING/HEATING EQUIPMENT,1311,49311.0,0.04283020015817972,True,,
mcc_all,5199.0,NON-DURABLE GOODS - DEFAULT,1404,48723.0,0.2866613303778503,True,,
mcc_all,7841.0,DVD/VIDEO TAPE RENTAL STORES,121,46496.0,0.9715244322092222,False,,
mcc_all,6211.0,SECURITIES BROKERS/DEALERS,319,46282.0,0.13856358843610908,True,,
mcc_all,4511.0,"AIRLINES, AIR CARRIERS",635,45194.0,0.3282957914767447,True,,
mcc_all,7929.0,BANDS/ORCHESTRAS/ENTERTAIN,1429,44351.0,0.15819259994137674,True,,
mcc_all,7933.0,BOWLING ALLEYS,478,44067.0,0.1811559670501736,True,,
mcc_all,9402.0,POSTAGE STAMPS,634,43801.0,0.2950617565809,True,,
mcc_all,4582.0,AIRPORTS/FIELDS/TERMINALS,363,40718.0,0.5293973181393978,True,,
mcc_all,763.0,AGRICULTURAL CO-OPERATIVE,2692,40650.0,0.11249692496924969,True,,
mcc_all,5973.0,RELIGIOUS GOODS STORES,680,40163.0,0.17451385603665065,True,,
mcc_all,7273.0,DATING & ESCORT SERVICES,814,39891.0,0.17071519891704895,True,,
mcc_all,7395.0,PHOTOFINISH LABS/DEV,587,39625.0,0.22417665615141955,True,,
mcc_all,9222.0,FINES,322,38704.0,0.40150888797023565,True,,
mcc_all,8661.0,RELIGIOUS ORGANIZATIONS,915,35739.0,0.39172892358487926,True,,
mcc_all,7993.0,VIDEO AMUSEMENT GAME SUPPLY,179,35341.0,0.7089216490761439,True,,
mcc_all,8071.0,MEDICAL/DENTAL LABS,1106,35199.0,0.09764481945509816,True,,
mcc_all,9211.0,COURT COSTS/ALIMONY/SUPPORT,52,33384.0,0.7724658519051042,False,,
mcc_all,3182.0,LOT (POLAND),28,31671.0,0.9420289855072463,False,,
mcc_all,7297.0,MASSAGE PARLORS,1703,31548.0,0.07417268923545074,True,,
mcc_all,5137.0,UNIFORMS & COMMERCIAL CLOTHING,1456,31490.0,0.10403302635757383,True,,
mcc_all,7699.0,MISC REPAIR SERVICES,1333,30608.0,0.042341871406168324,True,,
mcc_all,4411.0,STEAMSHIP/CRUISE LINES,859,30468.0,0.1462846264933701,True,,
mcc_all,5714.0,DRAPERY & UPHOLSTERY STORES,1073,30363.0,0.0964331587787768,True,,
mcc_all,4214.0,MOTOR FREIGHT CARRIERS,1067,29600.0,0.11875,True,,
mcc_all,8111.0,LEGAL SERVICES ATTORNEYS,810,29193.0,0.5382454698044051,True,,
mcc_all,5970.0,ARTIST/CRAFT SHOPS,2402,29011.0,0.09406776739857295,True,,
mcc_all,5172.0,PETROLEUM/PETROLEUM PRODUCTS,720,28899.0,0.43209107581577216,True,,
mcc_all,7531.0,AUTO BODY REPAIR SHOPS,1365,28400.0,0.11764084507042254,True,,
mcc_all,1520.0,GEN CONTRACTORS RESIDENTL/COML,1165,27384.0,0.3656879929886065,True,,
mcc_all,7210.0,LAUNDRY/CLEANING/GARMENT SV,1216,27163.0,0.2864190258807937,True,,
mcc_all,8220.0,COLLEGES/UNIV/JC/PROFESSION,1366,25358.0,0.0716933512106633,True,,
mcc_all,7932.0,BILLIARD/POOL ESTABLISHMENT,342,25294.0,0.17731477820827074,True,,
mcc_all,5599.0,MISC AUTO DEALERS - DEFAULT,664,25088.0,0.07334183673469388,True,,
mcc_all,6513.0,REAL EST AGNTS & MGRS RENTALS,2475,24773.0,0.03540144512170508,True,,
mcc_all,5950.0,GLASSWARE/CRYSTAL STORES,842,24733.0,0.11988032183722153,True,,
mcc_all,5976.0,ORTHOPEDIC GOODS,662,24369.0,0.1860970905658829,True,,
mcc_all,5085.0,INDUSTRIAL SUPPLIES - DEF,1090,24076.0,0.12448081076590796,True,,
mcc_all,8049.0,PODIATRISTS/CHIROPODISTS,999,23256.0,0.0857843137254902,True,,
mcc_all,7829.0,FILMS/VIDEO PRODUCTION/DIST,248,22910.0,0.7856394587516369,False,,
mcc_all,5013.0,MOTOR VEHICLE SUPPLY/NEW PARTS,1203,21164.0,0.0644018144018144,True,,
mcc_all,7911.0,DANCE HALLS/STUDIOS/SCHOOLS,899,20601.0,0.08645211397504976,True,,
mcc_all,6010.0,FINANCIAL INST/MANUAL CASH,449,20553.0,0.35313579526103245,True,,
mcc_all,7349.0,CLEAN/MAINT/JANITORIAL SERV,701,20499.0,0.38328698960924923,True,,
mcc_all,5969.0,OTHER DIRECT MARKETERS,347,20376.0,0.6224970553592462,True,,
mcc_all,8641.0,CIVIC/SOCIAL/FRATERNAL ASSC,2004,20072.0,0.18164607413312076,True,,
mcc_all,7033.0,Trailer parks and campgrounds,2050,19640.0,0.1369653767820774,True,,
mcc_all,5046.0,COMMERCIAL EQUIPMENT - DEFAULT,941,19062.0,0.09689434476969888,True,,
mcc_all,5971.0,ART DEALERS & GALLERIES,1505,19045.0,0.07482278813336833,True,,
mcc_all,7998.0,AQUARIUMS/SEAQUARIUMS,458,18899.0,0.1558283507063866,True,,
mcc_all,7392.0,MGMT/CONSULT/PUBLIC REL SER,2221,18869.0,0.0504531241719222,True,,
mcc_all,7277.0,COUNSELING SERVICE - ALL,764,18837.0,0.07878112225938314,True,,
mcc_all,5571.0,MOTORCYCLE DEALERS,1052,18177.0,0.11674093634813225,True,,
mcc_all,5198.0,"PAINT, VARNISHES & SUPPLIES",749,18140.0,0.05242557883131202,True,,
mcc_all,5044.0,OFFICE/PHOTO EQUIPMENT,537,18081.0,0.22559592942868203,True,,
mcc_all,5946.0,CAMERA & PHOTO SUPPLY STORES,1393,17881.0,0.15178122028969296,True,,
mcc_all,5697.0,TAILOR/SEAMSTRESS/ALTERS,902,16972.0,0.09857412208343154,True,,
mcc_all,7534.0,TIRE RETREAD/REPAIR SHOPS,767,16720.0,0.08648325358851675,True,,
mcc_all,8351.0,CHILD CARE SERVICES,422,16618.0,0.2832470814779155,True,,
mcc_all,7216.0,DRY CLEANERS,712,16341.0,0.39097974420170123,True,,
mcc_all,3008.0,LUFTHANSA,2,15836.0,0.9999368527405911,False,,
mcc_all,6540.0,NON-FIN INST-STORED VALUE CARD,172,15814.0,0.1499936764891868,True,,
mcc_all,3509.0,MARRIOTT,201,15437.0,0.20224136814147828,True,,
mcc_all,5733.0,MUSIC STORES/PIANOS,963,15423.0,0.14167152953381312,True,,
mcc_all,1799.0,SPEC CONTRACTORS - DEFAULT,987,15246.0,0.03364817001180637,True,,
mcc_all,780.0,LANDSCAPE/HORTICULTURAL SER,701,14926.0,0.07429987940506498,True,,
mcc_all,7375.0,INFORMATION RETRIEVAL SERVICES,296,14304.0,0.24356823266219238,True,,
mcc_all,7394.0,EQUIP/FURN RENT/LEASE SERV,1228,14288.0,0.04836226203807391,True,,
mcc_all,5051.0,METAL SERVICE CENTERS,520,13917.0,0.04850183229144212,True,,
mcc_all,5131.0,PIECE GOODS/NOTIONS/DRY GOODS,647,13747.0,0.2012802793336728,True,,
mcc_all,7631.0,WATCH/CLOCK/JEWELRY REPAIR,386,13576.0,0.13317619328226282,True,,
mcc_all,8042.0,OPTOMETRISTS/OPHTHALMOLOGISTS,491,13557.0,0.06771409603894667,True,,
mcc_all,2842.0,SPECIALTY CLEANING/POLISHING,727,12607.0,0.12469263107797256,True,,
mcc_all,7261.0,FUNERAL SERVICE/CREMATORIES,386,12416.0,0.14537693298969073,True,,
mcc_all,7361.0,EMPLOYMENT/TEMP HELP AGEN,145,12159.0,0.35701949173451764,True,,
mcc_all,5996.0,SWIMMING POOLS/SALES/SERV,486,11943.0,0.1362304278656954,True,,
mcc_all,1711.0,"HEATING, PLUMBING, AIR COND",825,11773.0,0.05453155525354625,True,,
mcc_all,3504.0,HILTON,194,11194.0,0.367518313382169,True,,
mcc_all,8931.0,ACCOUNTANTS/AUDITORS/BOOKPR,593,11024.0,0.1562953555878084,True,,
mcc_all,7379.0,COMPUTER MAINT/SVCS - DEF,864,10945.0,0.14198264047510278,True,,
mcc_all,5094.0,PRECIOUS STONES/METALS/JEWELRY,935,10380.0,0.10992292870905587,True,,
mcc_all,7251.0,SHOE REPAIR/SHINE/HAT CLEAN,516,10310.0,0.14907856450048496,True,,
mcc_all,5532.0,AUTOMOTIVE TIRE STORES,1105,10191.0,0.05652045922873123,True,,
mcc_all,3533.0,HOTEL IBIS,61,10061.0,0.8106550044727164,False,,
mcc_all,5965.0,COMBINATION CATALOG & RETAIL,416,10040.0,0.48177290836653386,True,,
mcc_all,5964.0,CATALOG MERCHANT,272,9759.0,0.33753458346142023,True,,
mcc_all,5099.0,DURABLE GOODS - DEFAULT,719,9488.0,0.0744097807757167,True,,
mcc_all,5933.0,PAWN SHOPS,340,9026.0,0.08553068912031908,True,,
mcc_all,8211.0,ELEMENTARY/SECONDARY SCHOOLS,870,8949.0,0.1391216895742541,True,,
mcc_all,5713.0,FLOOR COVERING STORES,759,8920.0,0.05941704035874439,True,,
mcc_all,7622.0,RADIO/TV/STEREO REPAIR SHOP,717,8797.0,0.08400591110605889,True,,
mcc_all,3649.0,RADISSON HOTEL,38,8784.0,0.375,True,,
mcc_all,3245.0,EASYJET,398,8081.0,0.8454399208018809,False,,
mcc_all,5960.0,DIRECT MARKETING INSURANCE SVC,92,7907.0,0.5315543189578854,True,,
mcc_all,5139.0,COMMERCIAL FOOTWEAR,476,7765.0,0.11783644558918223,True,,
mcc_all,3579.0,HOTEL MERCURE,26,7215.0,0.63007623007623,True,,
mcc_all,3010.0,KLM,8,7172.0,0.9967930842163971,False,,
mcc_all,4011.0,RAILROADS,247,7080.0,0.18022598870056497,True,,
mcc_all,7629.0,SMALL APPLIANCE REPAIR DEF,574,6841.0,0.057886273936558985,True,,
mcc_all,3642.0,NOVOTEL,14,6714.0,0.9502532022639262,False,,
mcc_all,7992.0,PUBLIC GOLF COURSES,617,6034.0,0.09744779582366589,True,,
mcc_all,9405.0,INTRA-GOVERNMENT PURCHASES,507,5834.0,0.07233459033253342,True,,
mcc_all,5021.0,COMMERCIAL FURNITURE,348,5789.0,0.16341337018483332,True,,
mcc_all,8911.0,ARCHITECTURAL/ENG/SURVEY,463,5774.0,0.2554554901281607,True,,
mcc_all,3016.0,SAS,3,5718.0,0.9770898915704792,False,,
mcc_all,7322.0,COLLECTION AGENCIES,68,5715.0,0.6255468066491688,True,,
mcc_all,1731.0,ELECTRICAL CONTRACTORS,350,5454.0,0.06655665566556655,True,,
mcc_all,1750.0,CARPENTRY,441,5285.0,0.05506149479659413,True,,
mcc_all,5521.0,CAR & TRUCK DEALERS/USED ONLY,541,5263.0,0.0853125593767813,True,,
mcc_all,5932.0,ANTIQUE SHOPS,625,4826.0,0.1798590965602984,True,,
mcc_all,3211.0,NORWEGIAN AIR SHUTTLE,3,4635.0,0.8867313915857605,False,,
mcc_all,1740.0,MASONRY/TILE/PLASTER/INSUL,320,4619.0,0.12730028144620048,True,,
mcc_all,3503.0,SHERATON,19,4563.0,0.8880122726276573,False,,
mcc_all,4457.0,Boat rentals and leasing,855,4560.0,0.03618421052631579,True,,
mcc_all,3501.0,HOLIDAY INN,262,4448.0,0.7009892086330936,True,,
mcc_all,8050.0,NURSING/PERSONAL CARE FAC,480,4310.0,0.07842227378190256,True,,
mcc_all,8734.0,TESTING LABS (NON-MEDICAL),186,4081.0,0.1600098015192355,True,,
mcc_all,4468.0,"MARINAS, SERVICE & SUPPLY",602,3929.0,0.18732501908882668,True,,
mcc_all,3512.0,INTER-CONTINENTAL,31,3657.0,0.36477987421383645,True,,
mcc_all,3655.0,SCANDIC HOTELS,15,3365.0,0.9043090638930164,False,,
mcc_all,3005.0,BRITISH AIRWAYS,2,3356.0,0.9997020262216925,False,,
mcc_all,3042.0,FINNAIR,1,3333.0,1.0,False,,
mcc_all,3007.0,AIR FRANCE,3,3308.0,0.8672914147521161,False,,
mcc_all,7535.0,AUTO PAINT SHOPS,186,3305.0,0.09833585476550681,True,,
mcc_all,3583.0,RADISSON BLU,11,3268.0,0.6383108935128519,True,,
mcc_all,5718.0,FIREPLACES & ACCESSORIES,116,3254.0,0.7861094038106945,False,,
mcc_all,5972.0,STAMP & COIN STORES,186,3225.0,0.15751937984496123,True,,
mcc_all,2791.0,TYPESETTING/PLATE MAKING ETC,145,3212.0,0.37391033623910336,True,,
mcc_all,3355.0,SIXT CAR RENTAL,12,3081.0,0.9779292437520286,False,,
mcc_all,3690.0,COURTYARD BY MARRIOTT,14,3047.0,0.823432884804726,False,,
mcc_all,7393.0,DETECTIVE/PROTECTIVE AGEN,214,2973.0,0.2859064917591658,True,,
mcc_all,8241.0,CORRESPONDENCE SCHOOLS,97,2956.0,0.5943843031123139,True,,
mcc_all,7339.0,STENOGRAPHIC SERVICES,144,2942.0,0.13324269204622705,True,,
mcc_all,8031.0,OSTEOPATHS,220,2934.0,0.14280845262440353,True,,
mcc_all,8249.0,TRADE/VOCATIONAL SCHOOLS,306,2823.0,0.2603613177470776,True,,
mcc_all,7519.0,MOTOR HOME/RV RENTALS,274,2815.0,0.30905861456483125,True,,
mcc_all,3381.0,EUROP CAR,20,2775.0,0.5834234234234235,True,,
mcc_all,3047.0,TURKISH AIRLINES,7,2653.0,0.9378062570674708,False,,
mcc_all,3692.0,DOUBLETREE HOTEL,10,2563.0,0.573156457276629,True,,
mcc_all,5975.0,HEARING AID/SALES/SERVICE,152,2484.0,0.4134460547504026,True,,
mcc_all,8041.0,CHIROPRACTORS,323,2402.0,0.06286427976686094,True,,
mcc_all,5997.0,ELEC RAZOR STORES/SALE/SERV,90,2401.0,0.2990420658059142,True,,
mcc_all,3811.0,PREMIER TRAVEL INNS,4,2353.0,0.9983000424989376,False,,
mcc_all,3015.0,SWISS INTERNATIONAL AIRLINES,3,2218.0,0.5252479711451759,True,,
mcc_all,7513.0,TRUCK/UTILITY TRAILER RENTALS,145,2192.0,0.27235401459854014,True,,
mcc_all,5935.0,WRECKING SALVAGE YARDS,125,2101.0,0.4426463588767254,True,,
mcc_all,3357.0,HERTZ RENT-A-CAR,18,1962.0,0.9709480122324159,False,,
mcc_all,3034.0,ETIHADAIR,2,1933.0,0.867563372995344,False,,
mcc_all,8244.0,BUSINESS/SECRETARIAL SCHOOL,256,1929.0,0.2835666148263349,True,,
mcc_all,5561.0,CAMPER TRAILER DEALER,232,1907.0,0.18982695332983743,True,,
mcc_all,7623.0,AIR COND/REFRIG REPAIR SHOP,123,1876.0,0.30970149253731344,True,,
mcc_all,3405.0,ENTERPRISE RENT-A-CAR,11,1873.0,0.98505072076882,False,,
mcc_all,3051.0,AUSTRIAN AIR,1,1870.0,1.0,False,,
mcc_all,7012.0,TIMESHARES,211,1690.0,0.17988165680473372,True,,
mcc_all,7549.0,TOWING SERVICES,158,1634.0,0.41554467564259484,True,,
mcc_all,3389.0,AVIS RENT-A-CAR,35,1565.0,0.9041533546325878,False,,
mcc_all,3026.0,EMIRATES AIRLINES,5,1474.0,0.9952510176390773,False,,
mcc_all,9999.0,INVALID MERCHANT CATEGORY,15,1389.0,0.8344132469402448,False,,
mcc_all,5681.0,FURRIERS AND FUR SHOPS,234,1355.0,0.1055350553505535,True,,
mcc_all,3136.0,QATAR AIRWAYS,2,1346.0,0.9806835066864784,False,,
mcc_all,3502.0,BEST WESTERN,39,1316.0,0.3168693009118541,True,,
mcc_all,3070.0,FLY DUBAI,2,1238.0,0.9967689822294022,False,,
mcc_all,3665.0,HAMPTON INN,8,1231.0,0.6368805848903331,True,,
mcc_all,7321.0,CONSUMER CR REPORTING AGEN,80,1226.0,0.13132137030995106,True,,
mcc_all,1761.0,ROOFING/SIDING/SHEET METAL,192,1224.0,0.19934640522875818,True,,
mcc_all,3236.0,AIR ARABIA AIRLINE,3,1131.0,0.9946949602122016,False,,
mcc_all,7296.0,CLOTHING/RENT/COSTUME/UNIFO,135,1083.0,0.22807017543859648,True,,
mcc_all,3513.0,WESTIN,15,1076.0,0.6700743494423792,True,,
mcc_all,3102.0,IBERIA,3,1049.0,0.9180171591992373,False,,
mcc_all,3640.0,HYATT,36,1019.0,0.5132482826300294,True,,
mcc_all,3000.0,UNITED,7,1004.0,0.9312749003984063,False,,
mcc_all,3548.0,HOTELES MELIA,26,918.0,0.3311546840958606,True,,
mcc_all,1771.0,CONTRACTORS - CONCRETE,171,902.0,0.12527716186252771,True,,
mcc_all,3001.0,AMERICAN,3,902.0,0.9722838137472284,False,,
mcc_all,3598.0,REGENT INTERNATIONAL HOTELS,2,803.0,0.9975093399750934,False,,
mcc_all,3641.0,SOFITEL HOTELS,10,793.0,0.9520807061790668,False,,
mcc_all,3615.0,TRAVELODGE,8,792.0,0.9886363636363636,False,,
mcc_all,3029.0,SN BRUSSELS AIRLINES,3,783.0,0.5031928480204342,True,,
mcc_all,3506.0,GOLDEN TULIP,11,782.0,0.7365728900255755,True,,
mcc_all,5698.0,WIG AND TOUPEE STORES,104,763.0,0.30930537352555704,True,,
mcc_all,3553.0,PARK INNS INTERNATIONAL,5,758.0,0.8060686015831134,False,,
mcc_all,3035.0,TAP AIR,2,755.0,0.8119205298013245,False,,
mcc_all,3058.0,DELTA,1,751.0,1.0,False,,
mcc_all,7276.0,TAX PREPARATION SERVICE,78,700.0,0.1357142857142857,True,,
mcc_all,3351.0,AFFILIATED AUTO RENTAL,54,693.0,0.6536796536796536,True,,
mcc_all,8651.0,POLITICAL ORGANIZATIONS,103,671.0,0.2414307004470939,True,,
mcc_all,7217.0,CARPET/UPHOLSTERY CLEANING,73,643.0,0.27838258164852253,True,,
mcc_all,5551.0,BOAT DEALERS,199,639.0,0.06103286384976526,True,,
mcc_all,4821.0,TELEGRAPH SERVICES,29,624.0,0.3798076923076923,True,,
mcc_all,8675.0,AUTO ASSOCIATIONS,90,619.0,0.2310177705977383,True,,
mcc_all,5937.0,ANTIQUE REPRODUCTION STORES,65,607.0,0.342668863261944,True,,
mcc_all,3032.0,EL AL,4,599.0,0.5676126878130217,True,,
mcc_all,5271.0,MOBILE HOME DEALERS,81,561.0,0.26737967914438504,True,,
mcc_all,4119.0,AMBULANCE SERVICE,99,534.0,0.21348314606741572,True,,
mcc_all,3043.0,AER LINGUS,3,518.0,0.5540540540540541,True,,
mcc_all,7692.0,WELDING SERVICES,66,482.0,0.16804979253112035,True,,
mcc_all,5998.0,TENT AND AWNING SHOPS,128,481.0,0.1683991683991684,True,,
mcc_all,5962.0,DIRECT MKTG-TRAVEL RELATED ARR,61,476.0,0.15126050420168066,True,,
mcc_all,7641.0,FURNITURE REUPHOLSTERY/REPAIR,85,466.0,0.18454935622317598,True,,
mcc_all,3643.0,STEIGENBERGER,9,424.0,0.6910377358490566,True,,
mcc_all,3294.0,ETHIOPIAN,2,422.0,0.5402843601895735,False,,
mcc_all,3299.0,WIDEROE'S FLYVESELSKAP,1,415.0,1.0,False,,
mcc_all,3835.0,DOLCE HOTELS AND RESORTS,1,407.0,1.0,False,,
mcc_all,3604.0,HILTON GARDEN INN,2,357.0,0.988795518207283,False,,
mcc_all,3750.0,CROWNE PLAZA HOTELS,11,334.0,0.8922155688622755,False,,
mcc_all,3780.0,DISNEY RESORTS,3,327.0,0.9938837920489296,False,,
mcc_all,3783.0,TOWN & COUNTRY RESORT/CONV CTR,86,306.0,0.14052287581699346,True,,
mcc_all,3535.0,HILTON INTERNATIONAL,20,306.0,0.5882352941176471,True,,
mcc_all,3013.0,ITA AIRWAYS,2,305.0,0.9967213114754099,False,,
mcc_all,7342.0,EXTERMINATING/DISINFECT SERV,47,302.0,0.26158940397350994,True,,
mcc_all,3009.0,AIR CANADA,1,298.0,1.0,False,,
mcc_all,3668.0,MARATIM,6,263.0,0.9581749049429658,False,,
mcc_all,3174.0,JETBLUE AIRWAYS,2,260.0,0.9846153846153847,False,,
mcc_all,3079.0,JETSTAR AIRWAYS,1,252.0,1.0,False,,
mcc_all,3364.0,AGENCY RENT-A-CAR,18,250.0,0.756,False,,
mcc_all,3830.0,PARK PLAZA HOTEL,28,243.0,0.4074074074074074,True,,
mcc_all,3672.0,CAMPANILE,10,220.0,0.4863636363636364,True,,
mcc_all,3387.0,ALAMO RENT-A-CAR,2,208.0,0.9903846153846154,False,,
mcc_all,5592.0,MOTOR HOME DEALERS,47,199.0,0.24120603015075376,True,,
mcc_all,3072.0,CEBU PACIFIC AIRLINES,2,195.0,0.9692307692307692,False,,
mcc_all,3530.0,RENAISSANCE HOTELS,5,195.0,0.6410256410256411,True,,
mcc_all,3039.0,AVIANCA,6,193.0,0.7979274611398963,False,,
mcc_all,3050.0,ICELANDAIR,1,175.0,1.0,False,,
mcc_all,3261.0,AIR CHINA,2,171.0,0.7894736842105263,False,,
mcc_all,3256.0,ALASKA AIR,1,169.0,1.0,False,,
mcc_all,3612.0,MOEVENPICK HOTELS,7,163.0,0.588957055214724,True,,
mcc_all,3590.0,FAIRMONT HOTEL,10,159.0,0.6477987421383647,True,,
mcc_all,5978.0,TYPEWRITER/SALES/SERVICE,17,158.0,0.34810126582278483,True,,
mcc_all,3366.0,BUDGET RENT-A-CAR,7,155.0,0.896774193548387,False,,
mcc_all,3012.0,QANTAS,2,154.0,0.6233766233766234,False,,
mcc_all,3703.0,RESIDENCE INN,5,152.0,0.868421052631579,False,,
mcc_all,3586.0,SOKOS HOTELS,14,148.0,0.4391891891891892,True,,
mcc_all,3196.0,HAWAIIANAIR,1,134.0,1.0,False,,
mcc_all,3020.0,AIR-INDIA,5,134.0,0.4701492537313433,True,,
mcc_all,3722.0,WYNDHAM,10,133.0,0.45864661654135336,True,,
mcc_all,3543.0,FOUR SEASONS,11,129.0,0.6821705426356589,True,,
mcc_all,3068.0,AIR ASTANA,6,116.0,0.8362068965517241,False,,
mcc_all,3710.0,THE RITZ-CARLTON,7,112.0,0.5982142857142857,True,,
mcc_all,3146.0,LUXAIR,1,109.0,1.0,False,,
mcc_all,3183.0,OMAN AVIATION SERVICES,2,109.0,0.9908256880733946,False,,
mcc_all,3075.0,SINGAPORE AIR,8,104.0,0.7019230769230769,True,,
mcc_all,3297.0,TAROM ROMANIAN AIR TRANSPORT,4,97.0,0.6391752577319587,True,,
mcc_all,3077.0,THAI AIRWAYS,5,97.0,0.4742268041237113,True,,
mcc_all,5966.0,OUTBOUND TELEMARKETING MERCHNT,16,94.0,0.3723404255319149,True,,
mcc_all,3812.0,HYATT PLACE,7,94.0,0.7340425531914894,True,,
mcc_all,3520.0,MERIDIEN,8,93.0,0.6451612903225806,True,,
mcc_all,3545.0,SHANGRI-LA INTERNATIONAL,10,92.0,0.33695652173913043,True,,
mcc_all,3715.0,FAIRFIELD INN,5,89.0,0.9213483146067416,False,,
mcc_all,3144.0,VIRGIN ATLANTIC,28,85.0,0.43529411764705883,True,,
mcc_all,3066.0,SOUTHWEST,3,84.0,0.75,True,,
mcc_all,3623.0,DORINT HOTELS,4,83.0,0.42168674698795183,True,,
mcc_all,3813.0,HOTEL INDIGO,5,80.0,0.8,False,,
mcc_all,3028.0,AIR MALTA,3,76.0,0.5,True,,
mcc_all,3030.0,AERO ARGENT,2,75.0,0.5066666666666667,False,,
mcc_all,3132.0,FRONTIER AIRLINES,1,75.0,1.0,False,,
mcc_all,3161.0,ALL NIPPON,2,72.0,0.6388888888888888,False,,
mcc_all,3519.0,PULLMAN INTERNATIONAL HOTELS,5,71.0,0.9154929577464789,False,,
mcc_all,3022.0,PAL AIR,3,71.0,0.8873239436619719,False,,
mcc_all,3260.0,SPIRIT AIRLINES,1,71.0,1.0,False,,
mcc_all,3082.0,KOREAN AIR,1,70.0,1.0,False,,
mcc_all,3826.0,AUTOGRAPH,26,70.0,0.18571428571428572,True,,
mcc_all,9223.0,BAIL AND BOND PAYMENTS,7,69.0,0.36231884057971014,True,,
mcc_all,3395.0,THRIFTY CAR RENTAL,6,68.0,0.8529411764705882,False,,
mcc_all,3562.0,COMFORT INN,4,68.0,0.9558823529411765,False,,
mcc_all,3770.0,SPRINGHILL SUITES,2,68.0,0.9705882352941176,False,,
mcc_all,3014.0,SAUDIA AIR,3,68.0,0.5,True,,
mcc_all,3099.0,CATHAYPACAIR,3,67.0,0.8507462686567164,False,,
mcc_all,3076.0,AEROMEXICO,3,67.0,0.9104477611940298,False,,
mcc_all,3516.0,LA QUINTA INN AND SUITES,2,65.0,0.9384615384615385,False,,
mcc_all,3390.0,DOLLAR RENT-A-CAR,2,65.0,0.9230769230769231,False,,
mcc_all,3100.0,MALAY AIR,1,64.0,1.0,False,,
mcc_all,5598.0,SNOWMOBILE DEALERS,19,62.0,0.5967741935483871,True,,
mcc_all,3510.0,DAYS INN,2,61.0,0.9836065573770492,False,,
mcc_all,3037.0,EGYPTAIR,3,59.0,0.8983050847457628,False,,
mcc_all,3393.0,NATIONAL CAR RENTAL,3,57.0,0.7192982456140351,True,,
mcc_all,3751.0,HOMEWOOD SUITES,3,54.0,0.9629629629629629,False,,
mcc_all,3709.0,SUPER 8 MOTEL,1,54.0,1.0,False,,
mcc_all,3740.0,TOWNEPLACE SUITES,4,53.0,0.49056603773584906,True,,
mcc_all,3716.0,CARLTON HOTELS,10,51.0,0.3137254901960784,True,,
mcc_all,3526.0,PRINCE HOTEL,2,49.0,0.8979591836734694,False,,
mcc_all,3591.0,SONESTA HOTEL,4,48.0,0.7291666666666666,True,,
mcc_all,3508.0,QUALITY INN,2,48.0,0.9791666666666666,False,,
mcc_all,3628.0,EXCALIBUR HOTEL AND CASINO,2,47.0,0.574468085106383,False,,
mcc_all,3180.0,WESTJET AIRLINES,2,46.0,0.8478260869565217,False,,
mcc_all,3779.0,W HOTELS,1,45.0,1.0,False,,
mcc_all,3608.0,GAYLORD OPRYLANDS,2,44.0,0.8636363636363636,False,,
mcc_all,3025.0,AIR NZ,3,44.0,0.8636363636363636,False,,
mcc_all,3084.0,EVA AIRWAYS,1,44.0,1.0,False,,
mcc_all,3700.0,MOTEL 6,4,43.0,0.7906976744186046,False,,
mcc_all,7800.0,GOVERNMENT OWNED LOTTERIES,13,41.0,0.2682926829268293,True,,
mcc_all,3514.0,AMERISUITES,10,41.0,0.36585365853658536,True,,
mcc_all,3771.0,CAESAR'S HOTEL AND CASINO,3,41.0,0.8536585365853658,False,,
mcc_all,3078.0,CHINA AIRLINES,4,39.0,0.48717948717948717,True,,
mcc_all,3695.0,EMBASSY SUITES,2,39.0,0.9743589743589743,False,,
mcc_all,3637.0,RAMADA INN,2,39.0,0.9743589743589743,False,,
mcc_all,3048.0,AIR MAROC,2,38.0,0.868421052631579,False,,
mcc_all,3006.0,JAL,2,38.0,0.5263157894736842,False,,
mcc_all,3595.0,HOSPITALITY INNS,11,38.0,0.5789473684210527,True,,
mcc_all,3619.0,ALOFT,2,38.0,0.9736842105263158,False,,
mcc_all,3295.0,KENYAAIR,1,37.0,1.0,False,,
mcc_all,3219.0,COPA,5,36.0,0.8888888888888888,False,,
mcc_all,3765.0,BELLAGIO,1,36.0,1.0,False,,
mcc_all,3206.0,CHINA EASTERN AIRLINES,5,35.0,0.4,True,,
mcc_all,3052.0,LAN AIR,2,34.0,0.8235294117647058,False,,
mcc_all,3651.0,IMPERIAL LONDON HOTELS,2,33.0,0.7272727272727273,False,,
mcc_all,3581.0,DELTA HOTEL,1,32.0,1.0,False,,
mcc_all,3266.0,AIR SEYCH,13,32.0,0.5625,True,,
mcc_all,3741.0,MILLENNIUM HOTELS,2,32.0,0.8125,False,,
mcc_all,3098.0,ASIANA AIRLINES,1,31.0,1.0,False,,
mcc_all,3168.0,HAINAN AIRLINES,1,31.0,1.0,False,,
mcc_all,3719.0,PROTEA HOTELS,6,31.0,0.5483870967741935,True,,
mcc_all,3829.0,COUNTRY INN BY CARLSON,1,31.0,1.0,False,,
mcc_all,3634.0,SWISSOTEL,1,30.0,1.0,False,,
mcc_all,3773.0,VENETIAN RESORT HOTEL CASINO,1,30.0,1.0,False,,
mcc_all,3793.0,FLAMINGO HOTELS,2,29.0,0.896551724137931,False,,
mcc_all,3777.0,MANDALAY BAY RESORT,2,29.0,0.7931034482758621,False,,
mcc_all,3298.0,AIR MAURITIUS,2,29.0,0.9655172413793104,False,,
mcc_all,3837.0,HOSHINO,4,29.0,0.896551724137931,False,,
mcc_all,3515.0,RODEWAY INN,3,29.0,0.896551724137931,False,,
mcc_all,3667.0,LUXOR HOTEL AND CASINO,1,29.0,1.0,False,,
mcc_all,3021.0,AIR ALGERIE,1,28.0,1.0,False,,
mcc_all,3308.0,CHINA SOUTHERN,2,28.0,0.5714285714285714,False,,
mcc_all,3819.0,OXFORD SUITES,12,28.0,0.5357142857142857,True,,
mcc_all,3778.0,FOUR POINTS HOTELS,2,28.0,0.8928571428571429,False,,
mcc_all,3127.0,TACA INTL,2,27.0,0.8518518518518519,False,,
mcc_all,3412.0,A-1 RENT-A-CAR,8,26.0,0.6538461538461539,True,,
mcc_all,3654.0,LOEWS HOTEL,1,25.0,1.0,False,,
mcc_all,3531.0,KAUAI COCONUT BEACH RESORT,2,25.0,0.96,False,,
mcc_all,3816.0,HOME2 SUITES,2,25.0,0.76,False,,
mcc_all,3631.0,SLEEP INN,2,24.0,0.9583333333333334,False,,
mcc_all,3831.0,WALDORF,3,23.0,0.8260869565217391,False,,
mcc_all,3644.0,ECONOLODGE,5,22.0,0.6363636363636364,True,,
mcc_all,3769.0,STRATOSPHERE HOTEL AND CASINO,1,21.0,1.0,False,,
mcc_all,3807.0,ELEMENT,2,21.0,0.9523809523809523,False,,
mcc_all,3745.0,ST. REGIS HOTEL,5,21.0,0.6190476190476191,True,,
mcc_all,3670.0,ARCADE,6,20.0,0.35,True,,
mcc_all,3795.0,PARIS LAS VEGAS HOTEL,1,20.0,1.0,False,,
mcc_all,3661.0,METROPOLE HOTELS,5,19.0,0.47368421052631576,True,,
mcc_all,3815.0,NICKELODEON SUITES,3,19.0,0.8947368421052632,False,,
mcc_all,3103.0,GARUDA AIR,1,19.0,1.0,False,,
mcc_all,3592.0,OMNI HOTEL,1,19.0,1.0,False,,
mcc_all,3044.0,AIR LANKA,1,18.0,1.0,False,,
mcc_all,3625.0,HOTEL UNIVERSALE,7,18.0,0.2777777777777778,True,,
mcc_all,3175.0,MIDEASTAIR,1,17.0,1.0,False,,
mcc_all,3017.0,SAA,2,17.0,0.5294117647058824,False,,
mcc_all,3662.0,CIRCUS CIRCUS HOTEL AND CASINO,2,17.0,0.8823529411764706,False,,
mcc_all,3843.0,MOXY,1,16.0,1.0,False,,
mcc_all,4815.0,VISAPHONE,1,16.0,1.0,False,,
mcc_all,3572.0,MIYAKO HOTEL,2,16.0,0.75,False,,
mcc_all,3040.0,GULF AIR (BAHRAIN),1,15.0,1.0,False,,
mcc_all,3555.0,TREASURE ISLAND HOTEL & CASINO,1,15.0,1.0,False,,
mcc_all,3663.0,HOTELES EL PRESIDENTE,6,14.0,0.42857142857142855,True,,
mcc_all,3834.0,BAYMONT INN & SUITES,2,14.0,0.7142857142857143,False,,
mcc_all,3791.0,STAYBRIDGE SUITES,2,14.0,0.8571428571428571,False,,
mcc_all,3213.0,BRAATHENS RGNL AIRLINES (BRA),1,13.0,1.0,False,,
mcc_all,3049.0,TUNIS AIR,1,13.0,1.0,False,,
mcc_all,3790.0,RAFFLES HOTELS,5,13.0,0.5384615384615384,True,,
mcc_all,3721.0,HILTON CONRAD,1,13.0,1.0,False,,
mcc_all,3693.0,DRURY INN,1,12.0,1.0,False,,
mcc_all,3774.0,NEW YORK-NEW YORK HOTEL+CASINO,1,12.0,1.0,False,,
mcc_all,3573.0,SANDMAN HOTELS,2,12.0,0.9166666666666666,False,,
mcc_all,3757.0,CANYON RANCH,5,12.0,0.5833333333333334,True,,
mcc_all,3833.0,CANOPY HOTELS,2,12.0,0.9166666666666666,False,,
mcc_all,3559.0,CANDLEWOOD SUITES,4,12.0,0.75,True,,
mcc_all,3650.0,RED ROOF INN,2,12.0,0.8333333333333334,False,,
mcc_all,3832.0,CURIO HOTELS,2,12.0,0.9166666666666666,False,,
mcc_all,3607.0,FONTAINEBLEAU RESORTS,1,12.0,1.0,False,,
mcc_all,3687.0,CLARION HOTEL,2,12.0,0.8333333333333334,False,,
mcc_all,3577.0,MANDARIN ORIENTAL HOTEL,1,11.0,1.0,False,,
mcc_all,3629.0,DAN HOTELS,2,11.0,0.9090909090909091,False,,
mcc_all,3638.0,HOWARD JOHNSON,4,11.0,0.5454545454545454,True,,
mcc_all,3747.0,CLUBCORP/CLUBRESORTS,6,11.0,0.45454545454545453,True,,
mcc_all,3300.0,AZUL AIR,1,10.0,1.0,False,,
mcc_all,3247.0,GOL AIRLINES,1,10.0,1.0,False,,
mcc_all,3621.0,EXTENDED STAY,3,10.0,0.6,True,,
mcc_all,3551.0,MIRAGE HOTEL AND CASINO,1,10.0,1.0,False,,
mcc_all,3730.0,MGM GRAND HOTEL,1,10.0,1.0,False,,
mcc_all,3635.0,RESO HOTELS,4,9.0,0.6666666666666666,True,,
mcc_all,3652.0,EMBASSY HOTELS,2,9.0,0.8888888888888888,False,,
mcc_all,3596.0,WYNN LAS VEGAS,2,9.0,0.8888888888888888,False,,
mcc_all,3409.0,GENERAL RENT-A-CAR,2,9.0,0.8888888888888888,False,,
mcc_all,3763.0,CHATEAU ELAN WINERY AND RESORT,6,8.0,0.375,True,,
mcc_all,3240.0,BAHAMASAIR,3,8.0,0.5,True,,
mcc_all,3618.0,GREAT WOLF,3,7.0,0.5714285714285714,True,,
mcc_all,3617.0,AMERICAS BEST VALUE INN,2,7.0,0.8571428571428571,False,,
mcc_all,3304.0,AIRBALTIC,1,7.0,1.0,False,,
mcc_all,3648.0,DE VERE HOTELS,1,7.0,1.0,False,,
mcc_all,3828.0,COSMOPOLITAN OF LAS VEGAS,1,6.0,1.0,False,,
mcc_all,3728.0,BALLY'S HOTEL AND CASINO,1,6.0,1.0,False,,
mcc_all,3839.0,KYORITSU HOTELS,4,6.0,0.3333333333333333,True,,
mcc_all,3112.0,WINDWARD IS,1,6.0,1.0,False,,
mcc_all,3846.0,THE LUXURY COLLECTION,2,6.0,0.8333333333333334,False,,
mcc_all,3542.0,ROYAL HOTELS,4,6.0,0.3333333333333333,True,,
mcc_all,3505.0,FORTE HOTELS,4,6.0,0.5,True,,
mcc_all,3820.0,JUMEIRAH ESSEX HOUSE,3,6.0,0.3333333333333333,True,,
mcc_all,3303.0,TIGERAIR,2,5.0,0.8,False,,
mcc_all,3248.0,TAM AIRLINES,2,5.0,0.6,False,,
mcc_all,3234.0,CARIBBEAN AIRLINES,2,5.0,0.8,False,,
mcc_all,3523.0,PENINSULA HOTELS,2,5.0,0.8,False,,
mcc_all,3024.0,PAKISTAN,2,5.0,0.6,False,,
mcc_all,3267.0,AIR PANAMA,1,5.0,1.0,False,,
mcc_all,3528.0,THUNDERBIRD/RED LION,2,5.0,0.6,False,,
mcc_all,3038.0,KUWAIT AIR,1,5.0,1.0,False,,
mcc_all,4723.0,TUI TRAVEL AGENCY,3,4.0,0.5,True,,
mcc_all,3613.0,MICROTEL INNS & SUITES,1,4.0,1.0,False,,
mcc_all,3529.0,CP (CANADIAN PACIFIC) HOTELS,1,4.0,1.0,False,,
mcc_all,3688.0,COMPRI HOTEL,1,4.0,1.0,False,,
mcc_all,3676.0,MONTE CARLO HOTEL AND CASINO,1,4.0,1.0,False,,
mcc_all,3616.0,HERMITAGE HOTEL,3,4.0,0.5,True,,
mcc_all,3679.0,SILVER LEGACY HOTEL AND CASINO,1,4.0,1.0,False,,
mcc_all,3742.0,CLUB MED,1,4.0,1.0,False,,
mcc_all,3731.0,HARRAH'S HOTELS AND CASINOS,2,4.0,0.75,False,,
mcc_all,3658.0,NEW OTANI HOTELS,1,4.0,1.0,False,,
mcc_all,3717.0,CITY LODGE HOTELS,1,3.0,1.0,False,,
mcc_all,3878.0,WASHINGTON HOTEL,1,3.0,1.0,False,,
mcc_all,3518.0,SOL HOTELS,1,3.0,1.0,False,,
mcc_all,3838.0,KIMPTON,1,3.0,1.0,False,,
mcc_all,3660.0,KNIGHTS INN,1,3.0,1.0,False,,
mcc_all,3782.0,ROSEN HOTELS AND RESORTS,1,3.0,1.0,False,,
mcc_all,3584.0,PRINCESS HOTELS INTERNAT'L,2,3.0,0.6666666666666666,False,,
mcc_all,3614.0,AMERICINN,1,3.0,1.0,False,,
mcc_all,3359.0,PAYLESS CAR RENTAL,1,3.0,1.0,False,,
mcc_all,3552.0,COAST HOTELS,2,3.0,0.6666666666666666,False,,
mcc_all,3597.0,RIVERSIDE RESORT HOTEL&CASINO,2,3.0,0.6666666666666666,False,,
mcc_all,0.0,MISSING MERCHANT CATEGORY,3,3.0,0.3333333333333333,True,,
mcc_all,3088.0,CROATIA AIRLINES,1,3.0,1.0,False,,
mcc_all,3578.0,FRANKENMUTH BAVARIAN,1,3.0,1.0,False,,
mcc_all,3561.0,GOLDEN NUGGET,1,3.0,1.0,False,,
mcc_all,3685.0,BUDGETEL INNS,3,3.0,0.3333333333333333,True,,
mcc_all,3818.0,MAINSTAY SUITES,1,3.0,1.0,False,,
mcc_all,3228.0,CAYMANAIR,1,2.0,1.0,False,,
mcc_all,3840.0,RIO HOTELS,1,2.0,1.0,False,,
mcc_all,3681.0,ADAMS MARK,2,2.0,0.5,False,,
mcc_all,3784.0,FIRST HOSPITALITY HOTELS,2,2.0,0.5,False,,
mcc_all,3538.0,CONCORDE HOTELS,1,2.0,1.0,False,,
mcc_all,3659.0,TAJ HOTELS INTERNAT'L,1,2.0,1.0,False,,
mcc_all,3697.0,FAIRFIELD HOTEL,1,2.0,1.0,False,,
mcc_all,3549.0,AUBERGE DES GOVERNEURS,1,2.0,1.0,False,,
mcc_all,8082.0,HOME HEALTH CARE SERVICE,1,2.0,1.0,False,,
mcc_all,3137.0,SINGLETON,1,2.0,1.0,False,,
mcc_all,9950.0,INTRA-COMPANY PURCHASE,2,2.0,0.5,False,,
mcc_all,3441.0,ADVANTAGE RENT-A-CAR,2,2.0,0.5,False,,
mcc_all,3521.0,ROYAL LAHAINA RESORTS,1,2.0,1.0,False,,
mcc_all,3675.0,INTERHOTEL CEDOC,1,2.0,1.0,False,,
mcc_all,3824.0,ARIA,1,2.0,1.0,False,,
mcc_all,3567.0,SOHO GRAND HOTEL,2,2.0,0.5,False,,
mcc_all,3609.0,GAYLORD PALMS,2,2.0,0.5,False,,
mcc_all,3081.0,XIAMEN AIRLINES,2,2.0,0.5,False,,
mcc_all,3841.0,TRIBUTE PORTFOLIO,2,2.0,0.5,False,,
mcc_all,3537.0,ANA HOTELS,1,2.0,1.0,False,,
mcc_all,3630.0,TOKYU HOTELS,1,2.0,1.0,False,,
mcc_all,3019.0,EASTERN AIRLINE,1,2.0,1.0,False,,
mcc_all,3511.0,ARABELLA HOTELS,1,1.0,1.0,False,,
mcc_all,3524.0,WELCOMGROUP,1,1.0,1.0,False,,
mcc_all,3796.0,PEPPERMILL HOTEL CASINO,1,1.0,1.0,False,,
mcc_all,5723.0,GUN AND AMMUNITION STORES,1,1.0,1.0,False,,
mcc_all,3565.0,RELAX INNS,1,1.0,1.0,False,,
mcc_all,3438.0,INTERENT,1,1.0,1.0,False,,
mcc_all,3089.0,TRANSAERO,1,1.0,1.0,False,,
mcc_all,3680.0,HOTEIS OTHAN,1,1.0,1.0,False,,
mcc_all,3633.0,RANK HOTELS,1,1.0,1.0,False,,
mcc_all,3398.0,ECONO-CAR RENT-A-CAR,1,1.0,1.0,False,,
mcc_all,3570.0,FORUM HOTELS,1,1.0,1.0,False,,
mcc_all,3749.0,THE BEVERLY HILLS HOTEL,1,1.0,1.0,False,,
mcc_all,3564.0,SAM'S TOWN HOTEL AND CASINO,1,1.0,1.0,False,,
mcc_all,3787.0,CARIBE ROYALE RESORTS,1,1.0,1.0,False,,
mcc_all,3541.0,HOTEL OKURA,1,1.0,1.0,False,,
mcc_all,3069.0,SUNCTRYAIR,1,1.0,1.0,False,,
mcc_all,3425.0,AUTOMATE,1,1.0,1.0,False,,
mcc_all,3844.0,AC HOTELS,1,1.0,1.0,False,,
mcc_all,3388.0,MERCHANT RENT-A-CAR,1,1.0,1.0,False,,
mcc_all,3848.0,EDITION,1,1.0,1.0,False,,
mcc_all,3856.0,BANYAN TREE HOTELS & RESORTS,1,1.0,1.0,False,,
mcc_all,3190.0,JUGOSLAVAIR,1,1.0,1.0,False,,
mcc_all,7801.0,GOVT LICENSED ONLINE CASINOS,1,1.0,1.0,False,,
mcc_all,3292.0,CYPRUS AIR,1,1.0,1.0,False,,
mcc_all,3636.0,SAROVA HOTELS,1,1.0,1.0,False,,
mcc_all,3785.0,OUTRIGGER HOTELS AND RESORTS,1,1.0,1.0,False,,
mcc_all,3420.0,ANSA INTERNATIONAL,1,1.0,1.0,False,,
mcc_all,3527.0,DOWNTOWNER-PASSPORT,1,1.0,1.0,False,,
macro_all,,,111499,143057411.0,0.18433121930327678,True,grocery,
macro_all,,,36739,23683647.0,0.2215991481379536,True,car_fuel,
macro_all,,,67059,21263381.0,0.33478927927783453,True,health_beauty,
macro_all,,,131143,21107907.0,0.07696348103106575,True,other,
macro_all,,,140662,18820787.0,0.04626427152063301,True,restaurants_bars,
macro_all,,,56132,13327880.0,0.3134635816048764,True,fast_food,
macro_all,,,24935,11921871.0,0.1534373253996793,True,marketplace_general,
macro_all,,,48744,10349466.0,0.1497395131304359,True,fashion_sport,
macro_all,,,14293,9386119.0,0.2642337051128374,True,digital_content,
macro_all,,,45225,8390335.0,0.09591452546292847,True,home_electronics,
macro_all,,,12256,5887392.0,0.06134940564514814,True,public_transport,
macro_all,,,47911,5647057.0,0.10139511607550623,True,hobby_books_gifts,
macro_all,,,33548,4285689.0,0.05057296504716045,True,entertainment_betting,
macro_all,,,11682,4190219.0,0.4666963707624828,True,taxi,
macro_all,,,48938,2314588.0,0.14168569093074015,True,travel,
macro_all,,,17932,1891355.0,0.08843395343549995,True,bills_telecom_edu,
